origin,destination,airline_code,airline_name,flight_number,travel_date,departure_time,arrival_time,booking_window_days,collection_date,collection_mode,source_name,source_url,raw_displayed_price_text,raw_total_fare,base_fare,udf_fee,asf_fee,gst_tax,yq_surcharge,convenience_fee,comparable_fare,cabin_class,fare_family
DEL,BOM,6E,IndiGo,6E125,2026-01-15,18:20:00,20:21:00,1,2026-01-14,HISTORICAL,fixture_historical,fixture://historical/DEL-BOM/6E/2026-01-15,"INR 6,714.10",6714.1,5796.49,250,30.0,289.82,347.79,0.0,6714.1,ECONOMY,Saver
DEL,BOM,6E,IndiGo,6E854,2026-01-18,06:55:00,09:34:00,7,2026-01-11,HISTORICAL,fixture_historical,fixture://historical/DEL-BOM/6E/2026-01-18,"INR 5,403.88",5403.88,4616.1,250,30.0,230.81,276.97,0.0,5403.88,ECONOMY,Saver
DEL,BOM,6E,IndiGo,6E532,2026-01-21,05:00:00,06:41:00,15,2026-01-06,HISTORICAL,fixture_historical,fixture://historical/DEL-BOM/6E/2026-01-21,"INR 4,633.89",4633.89,3922.42,250,30.0,196.12,235.35,0.0,4633.89,ECONOMY,Saver
DEL,BOM,6E,IndiGo,6E617,2026-01-24,16:00:00,18:41:00,30,2025-12-25,HISTORICAL,fixture_historical,fixture://historical/DEL-BOM/6E/2026-01-24,"INR 4,197.87",4197.87,3529.61,250,30.0,176.48,211.78,0.0,4197.87,ECONOMY,Saver
DEL,BOM,6E,IndiGo,6E765,2026-01-27,18:45:00,21:08:00,45,2025-12-13,HISTORICAL,fixture_historical,fixture://historical/DEL-BOM/6E/2026-01-27,"INR 3,741.14",3741.14,3118.14,250,30.0,155.91,187.09,0.0,3741.14,ECONOMY,Saver
DEL,BOM,6E,IndiGo,6E703,2026-01-30,09:00:00,10:50:00,1,2026-01-29,HISTORICAL,fixture_historical,fixture://historical/DEL-BOM/6E/2026-01-30,"INR 6,292.18",6292.18,5416.38,250,30.0,270.82,324.98,0.0,6292.18,ECONOMY,Saver
DEL,BOM,6E,IndiGo,6E448,2026-02-02,09:10:00,11:07:00,7,2026-01-26,HISTORICAL,fixture_historical,fixture://historical/DEL-BOM/6E/2026-02-02,"INR 5,811.27",5811.27,4983.12,250,30.0,249.16,298.99,0.0,5811.27,ECONOMY,Saver
DEL,BOM,6E,IndiGo,6E444,2026-02-05,06:05:00,08:23:00,15,2026-01-21,HISTORICAL,fixture_historical,fixture://historical/DEL-BOM/6E/2026-02-05,"INR 5,283.05",5283.05,4507.25,250,30.0,225.36,270.44,0.0,5283.05,ECONOMY,Saver
DEL,BOM,6E,IndiGo,6E967,2026-02-08,10:50:00,12:53:00,30,2026-01-09,HISTORICAL,fixture_historical,fixture://historical/DEL-BOM/6E/2026-02-08,"INR 4,117.84",4117.84,3457.51,250,30.0,172.88,207.45,0.0,4117.84,ECONOMY,Saver
DEL,BOM,6E,IndiGo,6E847,2026-02-11,13:45:00,15:30:00,45,2025-12-28,HISTORICAL,fixture_historical,fixture://historical/DEL-BOM/6E/2026-02-11,"INR 4,095.05",4095.05,3436.98,250,30.0,171.85,206.22,0.0,4095.05,ECONOMY,Saver
DEL,BOM,AI,AirIndia,AI487,2026-01-15,06:45:00,08:52:00,1,2026-01-14,HISTORICAL,fixture_historical,fixture://historical/DEL-BOM/AI/2026-01-15,"INR 8,404.14",8404.14,7319.05,250,30.0,365.95,439.14,0.0,8404.14,ECONOMY,Saver
DEL,BOM,AI,AirIndia,AI733,2026-01-18,20:25:00,23:08:00,7,2026-01-11,HISTORICAL,fixture_historical,fixture://historical/DEL-BOM/AI/2026-01-18,"INR 7,052.64",7052.64,6101.48,250,30.0,305.07,366.09,0.0,7052.64,ECONOMY,Saver
DEL,BOM,AI,AirIndia,AI171,2026-01-21,05:55:00,07:54:00,15,2026-01-06,HISTORICAL,fixture_historical,fixture://historical/DEL-BOM/AI/2026-01-21,"INR 5,598.96",5598.96,4791.86,250,30.0,239.59,287.51,0.0,5598.96,ECONOMY,Saver
DEL,BOM,AI,AirIndia,AI181,2026-01-24,20:15:00,21:57:00,30,2025-12-25,HISTORICAL,fixture_historical,fixture://historical/DEL-BOM/AI/2026-01-24,"INR 5,418.17",5418.17,4628.98,250,30.0,231.45,277.74,0.0,5418.17,ECONOMY,Saver
DEL,BOM,AI,AirIndia,AI564,2026-01-27,17:25:00,19:15:00,45,2025-12-13,HISTORICAL,fixture_historical,fixture://historical/DEL-BOM/AI/2026-01-27,"INR 4,559.94",4559.94,3855.8,250,30.0,192.79,231.35,0.0,4559.94,ECONOMY,Saver
DEL,BOM,AI,AirIndia,AI314,2026-01-30,17:20:00,20:19:00,1,2026-01-29,HISTORICAL,fixture_historical,fixture://historical/DEL-BOM/AI/2026-01-30,"INR 7,675.56",7675.56,6662.67,250,30.0,333.13,399.76,0.0,7675.56,ECONOMY,Saver
DEL,BOM,AI,AirIndia,AI763,2026-02-02,06:50:00,09:41:00,7,2026-01-26,HISTORICAL,fixture_historical,fixture://historical/DEL-BOM/AI/2026-02-02,"INR 7,163.05",7163.05,6200.94,250,30.0,310.05,372.06,0.0,7163.05,ECONOMY,Saver
DEL,BOM,AI,AirIndia,AI846,2026-02-05,08:10:00,10:39:00,15,2026-01-21,HISTORICAL,fixture_historical,fixture://historical/DEL-BOM/AI/2026-02-05,"INR 5,580.04",5580.04,4774.81,250,30.0,238.74,286.49,0.0,5580.04,ECONOMY,Saver
DEL,BOM,AI,AirIndia,AI755,2026-02-08,18:45:00,20:43:00,30,2026-01-09,HISTORICAL,fixture_historical,fixture://historical/DEL-BOM/AI/2026-02-08,"INR 5,108.12",5108.12,4349.66,250,30.0,217.48,260.98,0.0,5108.12,ECONOMY,Saver
DEL,BOM,AI,AirIndia,AI963,2026-02-11,19:00:00,20:59:00,45,2025-12-28,HISTORICAL,fixture_historical,fixture://historical/DEL-BOM/AI/2026-02-11,"INR 4,772.53",4772.53,4047.32,250,30.0,202.37,242.84,0.0,4772.53,ECONOMY,Saver
DEL,BOM,IX,AirIndiaExpress,IX924,2026-01-15,10:30:00,12:34:00,1,2026-01-14,HISTORICAL,fixture_historical,fixture://historical/DEL-BOM/IX/2026-01-15,"INR 6,566.86",6566.86,5663.84,250,30.0,283.19,339.83,0.0,6566.86,ECONOMY,Saver
DEL,BOM,IX,AirIndiaExpress,IX680,2026-01-18,18:25:00,20:22:00,7,2026-01-11,HISTORICAL,fixture_historical,fixture://historical/DEL-BOM/IX/2026-01-18,"INR 5,019.71",5019.71,4270.01,250,30.0,213.5,256.2,0.0,5019.71,ECONOMY,Saver
DEL,BOM,IX,AirIndiaExpress,IX505,2026-01-21,17:40:00,19:28:00,15,2026-01-06,HISTORICAL,fixture_historical,fixture://historical/DEL-BOM/IX/2026-01-21,"INR 4,819.04",4819.04,4089.23,250,30.0,204.46,245.35,0.0,4819.04,ECONOMY,Saver
DEL,BOM,IX,AirIndiaExpress,IX352,2026-01-24,18:45:00,21:23:00,30,2025-12-25,HISTORICAL,fixture_historical,fixture://historical/DEL-BOM/IX/2026-01-24,"INR 4,030.82",4030.82,3379.11,250,30.0,168.96,202.75,0.0,4030.82,ECONOMY,Saver
DEL,BOM,IX,AirIndiaExpress,IX698,2026-01-27,11:50:00,14:11:00,45,2025-12-13,HISTORICAL,fixture_historical,fixture://historical/DEL-BOM/IX/2026-01-27,"INR 3,603.40",3603.4,2994.06,250,30.0,149.7,179.64,0.0,3603.4,ECONOMY,Saver
DEL,BOM,IX,AirIndiaExpress,IX241,2026-01-30,14:40:00,16:21:00,1,2026-01-29,HISTORICAL,fixture_historical,fixture://historical/DEL-BOM/IX/2026-01-30,"INR 6,126.99",6126.99,5267.56,250,30.0,263.38,316.05,0.0,6126.99,ECONOMY,Saver
DEL,BOM,IX,AirIndiaExpress,IX981,2026-02-02,06:10:00,09:00:00,7,2026-01-26,HISTORICAL,fixture_historical,fixture://historical/DEL-BOM/IX/2026-02-02,"INR 5,581.68",5581.68,4776.29,250,30.0,238.81,286.58,0.0,5581.68,ECONOMY,Saver
DEL,BOM,IX,AirIndiaExpress,IX796,2026-02-05,11:50:00,13:28:00,15,2026-01-21,HISTORICAL,fixture_historical,fixture://historical/DEL-BOM/IX/2026-02-05,"INR 4,467.96",4467.96,3772.93,250,30.0,188.65,226.38,0.0,4467.96,ECONOMY,Saver
DEL,BOM,IX,AirIndiaExpress,IX710,2026-02-08,13:45:00,15:47:00,30,2026-01-09,HISTORICAL,fixture_historical,fixture://historical/DEL-BOM/IX/2026-02-08,"INR 4,105.57",4105.57,3446.46,250,30.0,172.32,206.79,0.0,4105.57,ECONOMY,Saver
DEL,BOM,IX,AirIndiaExpress,IX981,2026-02-11,05:55:00,07:39:00,45,2025-12-28,HISTORICAL,fixture_historical,fixture://historical/DEL-BOM/IX/2026-02-11,"INR 3,994.92",3994.92,3346.77,250,30.0,167.34,200.81,0.0,3994.92,ECONOMY,Saver
DEL,BOM,QP,Akasa,QP649,2026-01-15,19:20:00,22:12:00,1,2026-01-14,HISTORICAL,fixture_historical,fixture://historical/DEL-BOM/QP/2026-01-15,"INR 6,627.15",6627.15,5718.15,250,30.0,285.91,343.09,0.0,6627.15,ECONOMY,Saver
DEL,BOM,QP,Akasa,QP400,2026-01-18,11:10:00,13:38:00,7,2026-01-11,HISTORICAL,fixture_historical,fixture://historical/DEL-BOM/QP/2026-01-18,"INR 5,399.72",5399.72,4612.36,250,30.0,230.62,276.74,0.0,5399.72,ECONOMY,Saver
DEL,BOM,QP,Akasa,QP839,2026-01-21,18:20:00,20:54:00,15,2026-01-06,HISTORICAL,fixture_historical,fixture://historical/DEL-BOM/QP/2026-01-21,"INR 4,485.63",4485.63,3788.86,250,30.0,189.44,227.33,0.0,4485.63,ECONOMY,Saver
DEL,BOM,QP,Akasa,QP619,2026-01-24,06:55:00,09:03:00,30,2025-12-25,HISTORICAL,fixture_historical,fixture://historical/DEL-BOM/QP/2026-01-24,"INR 4,469.03",4469.03,3773.9,250,30.0,188.7,226.43,0.0,4469.03,ECONOMY,Saver
DEL,BOM,QP,Akasa,QP619,2026-01-27,16:15:00,18:04:00,45,2025-12-13,HISTORICAL,fixture_historical,fixture://historical/DEL-BOM/QP/2026-01-27,"INR 4,038.45",4038.45,3385.99,250,30.0,169.3,203.16,0.0,4038.45,ECONOMY,Saver
DEL,BOM,QP,Akasa,QP265,2026-01-30,14:45:00,16:15:00,1,2026-01-29,HISTORICAL,fixture_historical,fixture://historical/DEL-BOM/QP/2026-01-30,"INR 6,323.40",6323.4,5444.5,250,30.0,272.23,326.67,0.0,6323.4,ECONOMY,Saver
DEL,BOM,QP,Akasa,QP600,2026-02-02,05:05:00,07:21:00,7,2026-01-26,HISTORICAL,fixture_historical,fixture://historical/DEL-BOM/QP/2026-02-02,"INR 5,617.26",5617.26,4808.34,250,30.0,240.42,288.5,0.0,5617.26,ECONOMY,Saver
DEL,BOM,QP,Akasa,QP951,2026-02-05,19:20:00,21:20:00,15,2026-01-21,HISTORICAL,fixture_historical,fixture://historical/DEL-BOM/QP/2026-02-05,"INR 5,125.60",5125.6,4365.41,250,30.0,218.27,261.92,0.0,5125.6,ECONOMY,Saver
DEL,BOM,QP,Akasa,QP999,2026-02-08,16:05:00,17:45:00,30,2026-01-09,HISTORICAL,fixture_historical,fixture://historical/DEL-BOM/QP/2026-02-08,"INR 4,016.12",4016.12,3365.88,250,30.0,168.29,201.95,0.0,4016.12,ECONOMY,Saver
DEL,BOM,QP,Akasa,QP935,2026-02-11,06:45:00,08:31:00,45,2025-12-28,HISTORICAL,fixture_historical,fixture://historical/DEL-BOM/QP/2026-02-11,"INR 3,975.87",3975.87,3329.61,250,30.0,166.48,199.78,0.0,3975.87,ECONOMY,Saver
DEL,BOM,SG,SpiceJet,SG586,2026-01-15,14:10:00,16:13:00,1,2026-01-14,HISTORICAL,fixture_historical,fixture://historical/DEL-BOM/SG/2026-01-15,"INR 5,607.55",5607.55,4799.59,250,30.0,239.98,287.98,0.0,5607.55,ECONOMY,Saver
DEL,BOM,SG,SpiceJet,SG721,2026-01-18,11:15:00,13:54:00,7,2026-01-11,HISTORICAL,fixture_historical,fixture://historical/DEL-BOM/SG/2026-01-18,"INR 5,126.53",5126.53,4366.25,250,30.0,218.31,261.97,0.0,5126.53,ECONOMY,Saver
DEL,BOM,SG,SpiceJet,SG806,2026-01-21,08:20:00,10:41:00,15,2026-01-06,HISTORICAL,fixture_historical,fixture://historical/DEL-BOM/SG/2026-01-21,"INR 4,647.16",4647.16,3934.38,250,30.0,196.72,236.06,0.0,4647.16,ECONOMY,Saver
DEL,BOM,SG,SpiceJet,SG765,2026-01-24,10:40:00,13:16:00,30,2025-12-25,HISTORICAL,fixture_historical,fixture://historical/DEL-BOM/SG/2026-01-24,"INR 4,264.83",4264.83,3589.93,250,30.0,179.5,215.4,0.0,4264.83,ECONOMY,Saver
DEL,BOM,SG,SpiceJet,SG353,2026-01-27,08:05:00,10:18:00,45,2025-12-13,HISTORICAL,fixture_historical,fixture://historical/DEL-BOM/SG/2026-01-27,"INR 3,527.32",3527.32,2925.51,250,30.0,146.28,175.53,0.0,3527.32,ECONOMY,Saver
DEL,BOM,SG,SpiceJet,SG667,2026-01-30,08:50:00,10:48:00,1,2026-01-29,HISTORICAL,fixture_historical,fixture://historical/DEL-BOM/SG/2026-01-30,"INR 5,510.25",5510.25,4711.93,250,30.0,235.6,282.72,0.0,5510.25,ECONOMY,Saver
DEL,BOM,SG,SpiceJet,SG824,2026-02-02,17:00:00,18:59:00,7,2026-01-26,HISTORICAL,fixture_historical,fixture://historical/DEL-BOM/SG/2026-02-02,"INR 4,724.70",4724.7,4004.24,250,30.0,200.21,240.25,0.0,4724.7,ECONOMY,Saver
DEL,BOM,SG,SpiceJet,SG132,2026-02-05,20:25:00,22:04:00,15,2026-01-21,HISTORICAL,fixture_historical,fixture://historical/DEL-BOM/SG/2026-02-05,"INR 4,185.38",4185.38,3518.36,250,30.0,175.92,211.1,0.0,4185.38,ECONOMY,Saver
DEL,BOM,SG,SpiceJet,SG385,2026-02-08,17:40:00,19:37:00,30,2026-01-09,HISTORICAL,fixture_historical,fixture://historical/DEL-BOM/SG/2026-02-08,"INR 3,980.67",3980.67,3333.93,250,30.0,166.7,200.04,0.0,3980.67,ECONOMY,Saver
DEL,BOM,SG,SpiceJet,SG840,2026-02-11,16:50:00,19:20:00,45,2025-12-28,HISTORICAL,fixture_historical,fixture://historical/DEL-BOM/SG/2026-02-11,"INR 3,573.27",3573.27,2966.91,250,30.0,148.35,178.01,0.0,3573.27,ECONOMY,Saver
DEL,BLR,6E,IndiGo,6E584,2026-01-15,19:30:00,21:24:00,1,2026-01-14,HISTORICAL,fixture_historical,fixture://historical/DEL-BLR/6E/2026-01-15,"INR 7,177.03",7177.03,6213.54,250,30.0,310.68,372.81,0.0,7177.03,ECONOMY,Saver
DEL,BLR,6E,IndiGo,6E774,2026-01-18,11:25:00,13:49:00,7,2026-01-11,HISTORICAL,fixture_historical,fixture://historical/DEL-BLR/6E/2026-01-18,"INR 6,009.50",6009.5,5161.71,250,30.0,258.09,309.7,0.0,6009.5,ECONOMY,Saver
DEL,BLR,6E,IndiGo,6E984,2026-01-21,18:00:00,20:56:00,15,2026-01-06,HISTORICAL,fixture_historical,fixture://historical/DEL-BLR/6E/2026-01-21,"INR 5,532.22",5532.22,4731.73,250,30.0,236.59,283.9,0.0,5532.22,ECONOMY,Saver
DEL,BLR,6E,IndiGo,6E761,2026-01-24,06:00:00,08:21:00,30,2025-12-25,HISTORICAL,fixture_historical,fixture://historical/DEL-BLR/6E/2026-01-24,"INR 5,083.76",5083.76,4327.71,250,30.0,216.39,259.66,0.0,5083.76,ECONOMY,Saver
DEL,BLR,6E,IndiGo,6E919,2026-01-27,20:05:00,22:06:00,45,2025-12-13,HISTORICAL,fixture_historical,fixture://historical/DEL-BLR/6E/2026-01-27,"INR 4,587.59",4587.59,3880.71,250,30.0,194.04,232.84,0.0,4587.59,ECONOMY,Saver
DEL,BLR,6E,IndiGo,6E649,2026-01-30,13:10:00,15:34:00,1,2026-01-29,HISTORICAL,fixture_historical,fixture://historical/DEL-BLR/6E/2026-01-30,"INR 7,117.86",7117.86,6160.24,250,30.0,308.01,369.61,0.0,7117.86,ECONOMY,Saver
DEL,BLR,6E,IndiGo,6E573,2026-02-02,08:05:00,10:31:00,7,2026-01-26,HISTORICAL,fixture_historical,fixture://historical/DEL-BLR/6E/2026-02-02,"INR 6,096.91",6096.91,5240.46,250,30.0,262.02,314.43,0.0,6096.91,ECONOMY,Saver
DEL,BLR,6E,IndiGo,6E976,2026-02-05,14:05:00,15:41:00,15,2026-01-21,HISTORICAL,fixture_historical,fixture://historical/DEL-BLR/6E/2026-02-05,"INR 5,870.58",5870.58,5036.56,250,30.0,251.83,302.19,0.0,5870.58,ECONOMY,Saver
DEL,BLR,6E,IndiGo,6E653,2026-02-08,20:00:00,21:41:00,30,2026-01-09,HISTORICAL,fixture_historical,fixture://historical/DEL-BLR/6E/2026-02-08,"INR 5,082.78",5082.78,4326.83,250,30.0,216.34,259.61,0.0,5082.78,ECONOMY,Saver
DEL,BLR,6E,IndiGo,6E969,2026-02-11,08:10:00,10:32:00,45,2025-12-28,HISTORICAL,fixture_historical,fixture://historical/DEL-BLR/6E/2026-02-11,"INR 4,719.34",4719.34,3999.41,250,30.0,199.97,239.96,0.0,4719.34,ECONOMY,Saver
DEL,BLR,AI,AirIndia,AI318,2026-01-15,20:30:00,22:07:00,1,2026-01-14,HISTORICAL,fixture_historical,fixture://historical/DEL-BLR/AI/2026-01-15,"INR 8,891.54",8891.54,7758.14,250,30.0,387.91,465.49,0.0,8891.54,ECONOMY,Saver
DEL,BLR,AI,AirIndia,AI102,2026-01-18,11:20:00,13:48:00,7,2026-01-11,HISTORICAL,fixture_historical,fixture://historical/DEL-BLR/AI/2026-01-18,"INR 7,238.11",7238.11,6268.57,250,30.0,313.43,376.11,0.0,7238.11,ECONOMY,Saver
DEL,BLR,AI,AirIndia,AI813,2026-01-21,18:45:00,21:39:00,15,2026-01-06,HISTORICAL,fixture_historical,fixture://historical/DEL-BLR/AI/2026-01-21,"INR 6,453.92",6453.92,5562.09,250,30.0,278.1,333.73,0.0,6453.92,ECONOMY,Saver
DEL,BLR,AI,AirIndia,AI258,2026-01-24,08:20:00,10:17:00,30,2025-12-25,HISTORICAL,fixture_historical,fixture://historical/DEL-BLR/AI/2026-01-24,"INR 6,102.99",6102.99,5245.93,250,30.0,262.3,314.76,0.0,6102.99,ECONOMY,Saver
DEL,BLR,AI,AirIndia,AI693,2026-01-27,18:45:00,20:22:00,45,2025-12-13,HISTORICAL,fixture_historical,fixture://historical/DEL-BLR/AI/2026-01-27,"INR 5,641.00",5641.0,4829.73,250,30.0,241.49,289.78,0.0,5641.0,ECONOMY,Saver
DEL,BLR,AI,AirIndia,AI158,2026-01-30,05:50:00,08:21:00,1,2026-01-29,HISTORICAL,fixture_historical,fixture://historical/DEL-BLR/AI/2026-01-30,"INR 9,253.82",9253.82,8084.52,250,30.0,404.23,485.07,0.0,9253.82,ECONOMY,Saver
DEL,BLR,AI,AirIndia,AI973,2026-02-02,14:10:00,15:47:00,7,2026-01-26,HISTORICAL,fixture_historical,fixture://historical/DEL-BLR/AI/2026-02-02,"INR 7,635.99",7635.99,6627.02,250,30.0,331.35,397.62,0.0,7635.99,ECONOMY,Saver
DEL,BLR,AI,AirIndia,AI182,2026-02-05,20:10:00,21:48:00,15,2026-01-21,HISTORICAL,fixture_historical,fixture://historical/DEL-BLR/AI/2026-02-05,"INR 7,144.96",7144.96,6184.65,250,30.0,309.23,371.08,0.0,7144.96,ECONOMY,Saver
DEL,BLR,AI,AirIndia,AI791,2026-02-08,20:15:00,22:36:00,30,2026-01-09,HISTORICAL,fixture_historical,fixture://historical/DEL-BLR/AI/2026-02-08,"INR 5,991.91",5991.91,5145.87,250,30.0,257.29,308.75,0.0,5991.91,ECONOMY,Saver
DEL,BLR,AI,AirIndia,AI683,2026-02-11,08:50:00,11:36:00,45,2025-12-28,HISTORICAL,fixture_historical,fixture://historical/DEL-BLR/AI/2026-02-11,"INR 4,963.71",4963.71,4219.56,250,30.0,210.98,253.17,0.0,4963.71,ECONOMY,Saver
DEL,BLR,IX,AirIndiaExpress,IX183,2026-01-15,11:55:00,14:39:00,1,2026-01-14,HISTORICAL,fixture_historical,fixture://historical/DEL-BLR/IX/2026-01-15,"INR 6,609.95",6609.95,5702.66,250,30.0,285.13,342.16,0.0,6609.95,ECONOMY,Saver
DEL,BLR,IX,AirIndiaExpress,IX423,2026-01-18,09:15:00,12:10:00,7,2026-01-11,HISTORICAL,fixture_historical,fixture://historical/DEL-BLR/IX/2026-01-18,"INR 6,161.59",6161.59,5298.73,250,30.0,264.94,317.92,0.0,6161.59,ECONOMY,Saver
DEL,BLR,IX,AirIndiaExpress,IX344,2026-01-21,09:30:00,11:16:00,15,2026-01-06,HISTORICAL,fixture_historical,fixture://historical/DEL-BLR/IX/2026-01-21,"INR 5,516.68",5516.68,4717.73,250,30.0,235.89,283.06,0.0,5516.68,ECONOMY,Saver
DEL,BLR,IX,AirIndiaExpress,IX407,2026-01-24,13:25:00,15:04:00,30,2025-12-25,HISTORICAL,fixture_historical,fixture://historical/DEL-BLR/IX/2026-01-24,"INR 4,856.56",4856.56,4123.03,250,30.0,206.15,247.38,0.0,4856.56,ECONOMY,Saver
DEL,BLR,IX,AirIndiaExpress,IX736,2026-01-27,16:05:00,17:44:00,45,2025-12-13,HISTORICAL,fixture_historical,fixture://historical/DEL-BLR/IX/2026-01-27,"INR 3,918.09",3918.09,3277.56,250,30.0,163.88,196.65,0.0,3918.09,ECONOMY,Saver
DEL,BLR,IX,AirIndiaExpress,IX618,2026-01-30,09:10:00,11:24:00,1,2026-01-29,HISTORICAL,fixture_historical,fixture://historical/DEL-BLR/IX/2026-01-30,"INR 7,154.30",7154.3,6193.07,250,30.0,309.65,371.58,0.0,7154.3,ECONOMY,Saver
DEL,BLR,IX,AirIndiaExpress,IX350,2026-02-02,10:20:00,12:10:00,7,2026-01-26,HISTORICAL,fixture_historical,fixture://historical/DEL-BLR/IX/2026-02-02,"INR 6,455.55",6455.55,5563.56,250,30.0,278.18,333.81,0.0,6455.55,ECONOMY,Saver
DEL,BLR,IX,AirIndiaExpress,IX656,2026-02-05,18:20:00,21:08:00,15,2026-01-21,HISTORICAL,fixture_historical,fixture://historical/DEL-BLR/IX/2026-02-05,"INR 5,291.54",5291.54,4514.9,250,30.0,225.75,270.89,0.0,5291.54,ECONOMY,Saver
DEL,BLR,IX,AirIndiaExpress,IX926,2026-02-08,17:45:00,19:16:00,30,2026-01-09,HISTORICAL,fixture_historical,fixture://historical/DEL-BLR/IX/2026-02-08,"INR 5,079.04",5079.04,4323.46,250,30.0,216.17,259.41,0.0,5079.04,ECONOMY,Saver
DEL,BLR,IX,AirIndiaExpress,IX667,2026-02-11,09:55:00,11:38:00,45,2025-12-28,HISTORICAL,fixture_historical,fixture://historical/DEL-BLR/IX/2026-02-11,"INR 4,334.09",4334.09,3652.33,250,30.0,182.62,219.14,0.0,4334.09,ECONOMY,Saver
DEL,BLR,QP,Akasa,QP237,2026-01-15,09:05:00,10:48:00,1,2026-01-14,HISTORICAL,fixture_historical,fixture://historical/DEL-BLR/QP/2026-01-15,"INR 7,823.98",7823.98,6796.38,250,30.0,339.82,407.78,0.0,7823.98,ECONOMY,Saver
DEL,BLR,QP,Akasa,QP259,2026-01-18,09:20:00,12:07:00,7,2026-01-11,HISTORICAL,fixture_historical,fixture://historical/DEL-BLR/QP/2026-01-18,"INR 6,517.56",6517.56,5619.42,250,30.0,280.97,337.17,0.0,6517.56,ECONOMY,Saver
DEL,BLR,QP,Akasa,QP451,2026-01-21,08:55:00,11:46:00,15,2026-01-06,HISTORICAL,fixture_historical,fixture://historical/DEL-BLR/QP/2026-01-21,"INR 5,259.69",5259.69,4486.21,250,30.0,224.31,269.17,0.0,5259.69,ECONOMY,Saver
DEL,BLR,QP,Akasa,QP617,2026-01-24,13:20:00,14:56:00,30,2025-12-25,HISTORICAL,fixture_historical,fixture://historical/DEL-BLR/QP/2026-01-24,"INR 5,134.32",5134.32,4373.26,250,30.0,218.66,262.4,0.0,5134.32,ECONOMY,Saver
DEL,BLR,QP,Akasa,QP533,2026-01-27,20:20:00,21:55:00,45,2025-12-13,HISTORICAL,fixture_historical,fixture://historical/DEL-BLR/QP/2026-01-27,"INR 4,087.06",4087.06,3429.78,250,30.0,171.49,205.79,0.0,4087.06,ECONOMY,Saver
DEL,BLR,QP,Akasa,QP889,2026-01-30,07:55:00,09:58:00,1,2026-01-29,HISTORICAL,fixture_historical,fixture://historical/DEL-BLR/QP/2026-01-30,"INR 6,769.03",6769.03,5845.97,250,30.0,292.3,350.76,0.0,6769.03,ECONOMY,Saver
DEL,BLR,QP,Akasa,QP552,2026-02-02,14:30:00,17:11:00,7,2026-01-26,HISTORICAL,fixture_historical,fixture://historical/DEL-BLR/QP/2026-02-02,"INR 5,959.52",5959.52,5116.69,250,30.0,255.83,307.0,0.0,5959.52,ECONOMY,Saver
DEL,BLR,QP,Akasa,QP177,2026-02-05,18:10:00,20:49:00,15,2026-01-21,HISTORICAL,fixture_historical,fixture://historical/DEL-BLR/QP/2026-02-05,"INR 5,091.81",5091.81,4334.96,250,30.0,216.75,260.1,0.0,5091.81,ECONOMY,Saver
DEL,BLR,QP,Akasa,QP478,2026-02-08,16:45:00,18:33:00,30,2026-01-09,HISTORICAL,fixture_historical,fixture://historical/DEL-BLR/QP/2026-02-08,"INR 4,533.76",4533.76,3832.22,250,30.0,191.61,229.93,0.0,4533.76,ECONOMY,Saver
DEL,BLR,QP,Akasa,QP142,2026-02-11,09:25:00,11:00:00,45,2025-12-28,HISTORICAL,fixture_historical,fixture://historical/DEL-BLR/QP/2026-02-11,"INR 4,306.97",4306.97,3627.9,250,30.0,181.4,217.67,0.0,4306.97,ECONOMY,Saver
DEL,BLR,SG,SpiceJet,SG315,2026-01-15,17:15:00,20:10:00,1,2026-01-14,HISTORICAL,fixture_historical,fixture://historical/DEL-BLR/SG/2026-01-15,"INR 7,166.70",7166.7,6204.24,250,30.0,310.21,372.25,0.0,7166.7,ECONOMY,Saver
DEL,BLR,SG,SpiceJet,SG898,2026-01-18,14:30:00,17:19:00,7,2026-01-11,HISTORICAL,fixture_historical,fixture://historical/DEL-BLR/SG/2026-01-18,"INR 5,444.02",5444.02,4652.27,250,30.0,232.61,279.14,0.0,5444.02,ECONOMY,Saver
DEL,BLR,SG,SpiceJet,SG342,2026-01-21,20:10:00,22:02:00,15,2026-01-06,HISTORICAL,fixture_historical,fixture://historical/DEL-BLR/SG/2026-01-21,"INR 5,266.61",5266.61,4492.44,250,30.0,224.62,269.55,0.0,5266.61,ECONOMY,Saver
DEL,BLR,SG,SpiceJet,SG125,2026-01-24,07:25:00,09:47:00,30,2025-12-25,HISTORICAL,fixture_historical,fixture://historical/DEL-BLR/SG/2026-01-24,"INR 4,757.30",4757.3,4033.6,250,30.0,201.68,242.02,0.0,4757.3,ECONOMY,Saver
DEL,BLR,SG,SpiceJet,SG984,2026-01-27,18:15:00,20:19:00,45,2025-12-13,HISTORICAL,fixture_historical,fixture://historical/DEL-BLR/SG/2026-01-27,"INR 4,201.13",4201.13,3532.55,250,30.0,176.63,211.95,0.0,4201.13,ECONOMY,Saver
DEL,BLR,SG,SpiceJet,SG818,2026-01-30,06:30:00,08:04:00,1,2026-01-29,HISTORICAL,fixture_historical,fixture://historical/DEL-BLR/SG/2026-01-30,"INR 6,400.53",6400.53,5513.99,250,30.0,275.7,330.84,0.0,6400.53,ECONOMY,Saver
DEL,BLR,SG,SpiceJet,SG327,2026-02-02,08:40:00,10:54:00,7,2026-01-26,HISTORICAL,fixture_historical,fixture://historical/DEL-BLR/SG/2026-02-02,"INR 6,110.87",6110.87,5253.04,250,30.0,262.65,315.18,0.0,6110.87,ECONOMY,Saver
DEL,BLR,SG,SpiceJet,SG914,2026-02-05,20:15:00,22:13:00,15,2026-01-21,HISTORICAL,fixture_historical,fixture://historical/DEL-BLR/SG/2026-02-05,"INR 4,925.74",4925.74,4185.35,250,30.0,209.27,251.12,0.0,4925.74,ECONOMY,Saver
DEL,BLR,SG,SpiceJet,SG297,2026-02-08,11:25:00,13:30:00,30,2026-01-09,HISTORICAL,fixture_historical,fixture://historical/DEL-BLR/SG/2026-02-08,"INR 4,178.17",4178.17,3511.87,250,30.0,175.59,210.71,0.0,4178.17,ECONOMY,Saver
DEL,BLR,SG,SpiceJet,SG891,2026-02-11,09:25:00,12:17:00,45,2025-12-28,HISTORICAL,fixture_historical,fixture://historical/DEL-BLR/SG/2026-02-11,"INR 4,238.30",4238.3,3566.04,250,30.0,178.3,213.96,0.0,4238.3,ECONOMY,Saver
BOM,BLR,6E,IndiGo,6E795,2026-01-15,20:45:00,22:57:00,1,2026-01-14,HISTORICAL,fixture_historical,fixture://historical/BOM-BLR/6E/2026-01-15,"INR 4,477.11",4477.11,3785.69,245,30.0,189.28,227.14,0.0,4477.11,ECONOMY,Saver
BOM,BLR,6E,IndiGo,6E218,2026-01-18,09:10:00,11:54:00,7,2026-01-11,HISTORICAL,fixture_historical,fixture://historical/BOM-BLR/6E/2026-01-18,"INR 4,100.38",4100.38,3446.29,245,30.0,172.31,206.78,0.0,4100.38,ECONOMY,Saver
BOM,BLR,6E,IndiGo,6E371,2026-01-21,05:05:00,07:51:00,15,2026-01-06,HISTORICAL,fixture_historical,fixture://historical/BOM-BLR/6E/2026-01-21,"INR 3,613.01",3613.01,3007.22,245,30.0,150.36,180.43,0.0,3613.01,ECONOMY,Saver
BOM,BLR,6E,IndiGo,6E846,2026-01-24,19:25:00,21:50:00,30,2025-12-25,HISTORICAL,fixture_historical,fixture://historical/BOM-BLR/6E/2026-01-24,"INR 2,981.40",2981.4,2438.2,245,30.0,121.91,146.29,0.0,2981.4,ECONOMY,Saver
BOM,BLR,6E,IndiGo,6E623,2026-01-27,06:30:00,09:13:00,45,2025-12-13,HISTORICAL,fixture_historical,fixture://historical/BOM-BLR/6E/2026-01-27,"INR 2,740.44",2740.44,2221.11,245,30.0,111.06,133.27,0.0,2740.44,ECONOMY,Saver
BOM,BLR,6E,IndiGo,6E145,2026-01-30,18:30:00,20:00:00,1,2026-01-29,HISTORICAL,fixture_historical,fixture://historical/BOM-BLR/6E/2026-01-30,"INR 4,262.74",4262.74,3592.56,245,30.0,179.63,215.55,0.0,4262.74,ECONOMY,Saver
BOM,BLR,6E,IndiGo,6E925,2026-02-02,14:55:00,17:50:00,7,2026-01-26,HISTORICAL,fixture_historical,fixture://historical/BOM-BLR/6E/2026-02-02,"INR 3,860.59",3860.59,3230.26,245,30.0,161.51,193.82,0.0,3860.59,ECONOMY,Saver
BOM,BLR,6E,IndiGo,6E541,2026-02-05,06:55:00,09:07:00,15,2026-01-21,HISTORICAL,fixture_historical,fixture://historical/BOM-BLR/6E/2026-02-05,"INR 3,232.34",3232.34,2664.27,245,30.0,133.21,159.86,0.0,3232.34,ECONOMY,Saver
BOM,BLR,6E,IndiGo,6E779,2026-02-08,20:05:00,22:13:00,30,2026-01-09,HISTORICAL,fixture_historical,fixture://historical/BOM-BLR/6E/2026-02-08,"INR 3,063.93",3063.93,2512.55,245,30.0,125.63,150.75,0.0,3063.93,ECONOMY,Saver
BOM,BLR,6E,IndiGo,6E782,2026-02-11,11:25:00,13:46:00,45,2025-12-28,HISTORICAL,fixture_historical,fixture://historical/BOM-BLR/6E/2026-02-11,"INR 2,702.00",2702.0,2186.49,245,30.0,109.32,131.19,0.0,2702.0,ECONOMY,Saver
BOM,BLR,AI,AirIndia,AI667,2026-01-15,07:15:00,09:38:00,1,2026-01-14,HISTORICAL,fixture_historical,fixture://historical/BOM-BLR/AI/2026-01-15,"INR 5,468.84",5468.84,4679.13,245,30.0,233.96,280.75,0.0,5468.84,ECONOMY,Saver
BOM,BLR,AI,AirIndia,AI488,2026-01-18,17:10:00,19:58:00,7,2026-01-11,HISTORICAL,fixture_historical,fixture://historical/BOM-BLR/AI/2026-01-18,"INR 4,677.23",4677.23,3965.97,245,30.0,198.3,237.96,0.0,4677.23,ECONOMY,Saver
BOM,BLR,AI,AirIndia,AI515,2026-01-21,14:00:00,16:08:00,15,2026-01-06,HISTORICAL,fixture_historical,fixture://historical/BOM-BLR/AI/2026-01-21,"INR 4,045.84",4045.84,3397.15,245,30.0,169.86,203.83,0.0,4045.84,ECONOMY,Saver
BOM,BLR,AI,AirIndia,AI540,2026-01-24,19:50:00,22:37:00,30,2025-12-25,HISTORICAL,fixture_historical,fixture://historical/BOM-BLR/AI/2026-01-24,"INR 3,445.15",3445.15,2855.99,245,30.0,142.8,171.36,0.0,3445.15,ECONOMY,Saver
BOM,BLR,AI,AirIndia,AI576,2026-01-27,13:40:00,16:36:00,45,2025-12-13,HISTORICAL,fixture_historical,fixture://historical/BOM-BLR/AI/2026-01-27,"INR 3,256.09",3256.09,2685.67,245,30.0,134.28,161.14,0.0,3256.09,ECONOMY,Saver
BOM,BLR,AI,AirIndia,AI584,2026-01-30,19:10:00,22:04:00,1,2026-01-29,HISTORICAL,fixture_historical,fixture://historical/BOM-BLR/AI/2026-01-30,"INR 5,079.32",5079.32,4328.22,245,30.0,216.41,259.69,0.0,5079.32,ECONOMY,Saver
BOM,BLR,AI,AirIndia,AI627,2026-02-02,17:55:00,20:44:00,7,2026-01-26,HISTORICAL,fixture_historical,fixture://historical/BOM-BLR/AI/2026-02-02,"INR 4,279.11",4279.11,3607.3,245,30.0,180.37,216.44,0.0,4279.11,ECONOMY,Saver
BOM,BLR,AI,AirIndia,AI938,2026-02-05,19:15:00,22:11:00,15,2026-01-21,HISTORICAL,fixture_historical,fixture://historical/BOM-BLR/AI/2026-02-05,"INR 3,906.25",3906.25,3271.4,245,30.0,163.57,196.28,0.0,3906.25,ECONOMY,Saver
BOM,BLR,AI,AirIndia,AI925,2026-02-08,08:10:00,09:43:00,30,2026-01-09,HISTORICAL,fixture_historical,fixture://historical/BOM-BLR/AI/2026-02-08,"INR 3,457.50",3457.5,2867.11,245,30.0,143.36,172.03,0.0,3457.5,ECONOMY,Saver
BOM,BLR,AI,AirIndia,AI586,2026-02-11,16:05:00,18:33:00,45,2025-12-28,HISTORICAL,fixture_historical,fixture://historical/BOM-BLR/AI/2026-02-11,"INR 2,972.87",2972.87,2430.51,245,30.0,121.53,145.83,0.0,2972.87,ECONOMY,Saver
BOM,BLR,IX,AirIndiaExpress,IX744,2026-01-15,16:15:00,19:14:00,1,2026-01-14,HISTORICAL,fixture_historical,fixture://historical/BOM-BLR/IX/2026-01-15,"INR 4,206.44",4206.44,3541.84,245,30.0,177.09,212.51,0.0,4206.44,ECONOMY,Saver
BOM,BLR,IX,AirIndiaExpress,IX509,2026-01-18,08:10:00,11:03:00,7,2026-01-11,HISTORICAL,fixture_historical,fixture://historical/BOM-BLR/IX/2026-01-18,"INR 3,607.45",3607.45,3002.21,245,30.0,150.11,180.13,0.0,3607.45,ECONOMY,Saver
BOM,BLR,IX,AirIndiaExpress,IX868,2026-01-21,20:05:00,22:29:00,15,2026-01-06,HISTORICAL,fixture_historical,fixture://historical/BOM-BLR/IX/2026-01-21,"INR 3,316.23",3316.23,2739.85,245,30.0,136.99,164.39,0.0,3316.23,ECONOMY,Saver
BOM,BLR,IX,AirIndiaExpress,IX923,2026-01-24,18:45:00,21:14:00,30,2025-12-25,HISTORICAL,fixture_historical,fixture://historical/BOM-BLR/IX/2026-01-24,"INR 2,756.41",2756.41,2235.5,245,30.0,111.78,134.13,0.0,2756.41,ECONOMY,Saver
BOM,BLR,IX,AirIndiaExpress,IX355,2026-01-27,20:05:00,22:33:00,45,2025-12-13,HISTORICAL,fixture_historical,fixture://historical/BOM-BLR/IX/2026-01-27,"INR 2,412.29",2412.29,1925.49,245,30.0,96.27,115.53,0.0,2412.29,ECONOMY,Saver
BOM,BLR,IX,AirIndiaExpress,IX575,2026-01-30,17:45:00,20:26:00,1,2026-01-29,HISTORICAL,fixture_historical,fixture://historical/BOM-BLR/IX/2026-01-30,"INR 4,027.17",4027.17,3380.33,245,30.0,169.02,202.82,0.0,4027.17,ECONOMY,Saver
BOM,BLR,IX,AirIndiaExpress,IX873,2026-02-02,13:50:00,16:24:00,7,2026-01-26,HISTORICAL,fixture_historical,fixture://historical/BOM-BLR/IX/2026-02-02,"INR 3,722.35",3722.35,3105.72,245,30.0,155.29,186.34,0.0,3722.35,ECONOMY,Saver
BOM,BLR,IX,AirIndiaExpress,IX661,2026-02-05,13:10:00,15:40:00,15,2026-01-21,HISTORICAL,fixture_historical,fixture://historical/BOM-BLR/IX/2026-02-05,"INR 3,192.99",3192.99,2628.82,245,30.0,131.44,157.73,0.0,3192.99,ECONOMY,Saver
BOM,BLR,IX,AirIndiaExpress,IX869,2026-02-08,08:55:00,11:00:00,30,2026-01-09,HISTORICAL,fixture_historical,fixture://historical/BOM-BLR/IX/2026-02-08,"INR 2,852.54",2852.54,2322.1,245,30.0,116.11,139.33,0.0,2852.54,ECONOMY,Saver
BOM,BLR,IX,AirIndiaExpress,IX633,2026-02-11,13:55:00,15:55:00,45,2025-12-28,HISTORICAL,fixture_historical,fixture://historical/BOM-BLR/IX/2026-02-11,"INR 2,675.97",2675.97,2163.04,245,30.0,108.15,129.78,0.0,2675.97,ECONOMY,Saver
BOM,BLR,QP,Akasa,QP179,2026-01-15,18:20:00,20:20:00,1,2026-01-14,HISTORICAL,fixture_historical,fixture://historical/BOM-BLR/QP/2026-01-15,"INR 4,238.59",4238.59,3570.8,245,30.0,178.54,214.25,0.0,4238.59,ECONOMY,Saver
BOM,BLR,QP,Akasa,QP427,2026-01-18,14:05:00,15:52:00,7,2026-01-11,HISTORICAL,fixture_historical,fixture://historical/BOM-BLR/QP/2026-01-18,"INR 3,649.78",3649.78,3040.34,245,30.0,152.02,182.42,0.0,3649.78,ECONOMY,Saver
BOM,BLR,QP,Akasa,QP492,2026-01-21,18:10:00,21:10:00,15,2026-01-06,HISTORICAL,fixture_historical,fixture://historical/BOM-BLR/QP/2026-01-21,"INR 3,150.67",3150.67,2590.7,245,30.0,129.53,155.44,0.0,3150.67,ECONOMY,Saver
BOM,BLR,QP,Akasa,QP524,2026-01-24,11:25:00,14:04:00,30,2025-12-25,HISTORICAL,fixture_historical,fixture://historical/BOM-BLR/QP/2026-01-24,"INR 2,832.66",2832.66,2304.2,245,30.0,115.21,138.25,0.0,2832.66,ECONOMY,Saver
BOM,BLR,QP,Akasa,QP163,2026-01-27,08:30:00,10:49:00,45,2025-12-13,HISTORICAL,fixture_historical,fixture://historical/BOM-BLR/QP/2026-01-27,"INR 2,637.80",2637.8,2128.65,245,30.0,106.43,127.72,0.0,2637.8,ECONOMY,Saver
BOM,BLR,QP,Akasa,QP698,2026-01-30,18:00:00,20:43:00,1,2026-01-29,HISTORICAL,fixture_historical,fixture://historical/BOM-BLR/QP/2026-01-30,"INR 4,653.23",4653.23,3944.35,245,30.0,197.22,236.66,0.0,4653.23,ECONOMY,Saver
BOM,BLR,QP,Akasa,QP106,2026-02-02,10:20:00,12:39:00,7,2026-01-26,HISTORICAL,fixture_historical,fixture://historical/BOM-BLR/QP/2026-02-02,"INR 3,710.67",3710.67,3095.2,245,30.0,154.76,185.71,0.0,3710.67,ECONOMY,Saver
BOM,BLR,QP,Akasa,QP955,2026-02-05,11:45:00,14:24:00,15,2026-01-21,HISTORICAL,fixture_historical,fixture://historical/BOM-BLR/QP/2026-02-05,"INR 3,493.09",3493.09,2899.18,245,30.0,144.96,173.95,0.0,3493.09,ECONOMY,Saver
BOM,BLR,QP,Akasa,QP325,2026-02-08,13:15:00,15:19:00,30,2026-01-09,HISTORICAL,fixture_historical,fixture://historical/BOM-BLR/QP/2026-02-08,"INR 3,083.94",3083.94,2530.58,245,30.0,126.53,151.83,0.0,3083.94,ECONOMY,Saver
BOM,BLR,QP,Akasa,QP129,2026-02-11,11:25:00,14:20:00,45,2025-12-28,HISTORICAL,fixture_historical,fixture://historical/BOM-BLR/QP/2026-02-11,"INR 2,626.37",2626.37,2118.35,245,30.0,105.92,127.1,0.0,2626.37,ECONOMY,Saver
BOM,BLR,SG,SpiceJet,SG514,2026-01-15,18:10:00,20:39:00,1,2026-01-14,HISTORICAL,fixture_historical,fixture://historical/BOM-BLR/SG/2026-01-15,"INR 4,159.46",4159.46,3499.51,245,30.0,174.98,209.97,0.0,4159.46,ECONOMY,Saver
BOM,BLR,SG,SpiceJet,SG737,2026-01-18,14:00:00,16:20:00,7,2026-01-11,HISTORICAL,fixture_historical,fixture://historical/BOM-BLR/SG/2026-01-18,"INR 3,707.71",3707.71,3092.53,245,30.0,154.63,185.55,0.0,3707.71,ECONOMY,Saver
BOM,BLR,SG,SpiceJet,SG778,2026-01-21,05:05:00,07:57:00,15,2026-01-06,HISTORICAL,fixture_historical,fixture://historical/BOM-BLR/SG/2026-01-21,"INR 3,113.32",3113.32,2557.05,245,30.0,127.85,153.42,0.0,3113.32,ECONOMY,Saver
BOM,BLR,SG,SpiceJet,SG987,2026-01-24,13:10:00,14:46:00,30,2025-12-25,HISTORICAL,fixture_historical,fixture://historical/BOM-BLR/SG/2026-01-24,"INR 2,708.42",2708.42,2192.27,245,30.0,109.61,131.54,0.0,2708.42,ECONOMY,Saver
BOM,BLR,SG,SpiceJet,SG435,2026-01-27,08:40:00,10:51:00,45,2025-12-13,HISTORICAL,fixture_historical,fixture://historical/BOM-BLR/SG/2026-01-27,"INR 2,373.09",2373.09,1890.17,245,30.0,94.51,113.41,0.0,2373.09,ECONOMY,Saver
BOM,BLR,SG,SpiceJet,SG488,2026-01-30,09:30:00,11:32:00,1,2026-01-29,HISTORICAL,fixture_historical,fixture://historical/BOM-BLR/SG/2026-01-30,"INR 3,953.04",3953.04,3313.55,245,30.0,165.68,198.81,0.0,3953.04,ECONOMY,Saver
BOM,BLR,SG,SpiceJet,SG581,2026-02-02,05:45:00,07:21:00,7,2026-01-26,HISTORICAL,fixture_historical,fixture://historical/BOM-BLR/SG/2026-02-02,"INR 3,664.15",3664.15,3053.29,245,30.0,152.66,183.2,0.0,3664.15,ECONOMY,Saver
BOM,BLR,SG,SpiceJet,SG458,2026-02-05,08:55:00,10:33:00,15,2026-01-21,HISTORICAL,fixture_historical,fixture://historical/BOM-BLR/SG/2026-02-05,"INR 3,295.93",3295.93,2721.56,245,30.0,136.08,163.29,0.0,3295.93,ECONOMY,Saver
BOM,BLR,SG,SpiceJet,SG767,2026-02-08,05:00:00,07:01:00,30,2026-01-09,HISTORICAL,fixture_historical,fixture://historical/BOM-BLR/SG/2026-02-08,"INR 2,847.30",2847.3,2317.39,245,30.0,115.87,139.04,0.0,2847.3,ECONOMY,Saver
BOM,BLR,SG,SpiceJet,SG120,2026-02-11,16:10:00,18:10:00,45,2025-12-28,HISTORICAL,fixture_historical,fixture://historical/BOM-BLR/SG/2026-02-11,"INR 2,351.86",2351.86,1871.05,245,30.0,93.55,112.26,0.0,2351.86,ECONOMY,Saver
DEL,CCU,6E,IndiGo,6E785,2026-01-15,06:50:00,08:47:00,1,2026-01-14,HISTORICAL,fixture_historical,fixture://historical/DEL-CCU/6E/2026-01-15,"INR 7,465.30",7465.3,6473.25,250,30.0,323.66,388.39,0.0,7465.3,ECONOMY,Saver
DEL,CCU,6E,IndiGo,6E362,2026-01-18,19:25:00,21:16:00,7,2026-01-11,HISTORICAL,fixture_historical,fixture://historical/DEL-CCU/6E/2026-01-18,"INR 6,753.73",6753.73,5832.19,250,30.0,291.61,349.93,0.0,6753.73,ECONOMY,Saver
DEL,CCU,6E,IndiGo,6E865,2026-01-21,18:05:00,19:55:00,15,2026-01-06,HISTORICAL,fixture_historical,fixture://historical/DEL-CCU/6E/2026-01-21,"INR 6,036.91",6036.91,5186.41,250,30.0,259.32,311.18,0.0,6036.91,ECONOMY,Saver
DEL,CCU,6E,IndiGo,6E210,2026-01-24,16:00:00,18:09:00,30,2025-12-25,HISTORICAL,fixture_historical,fixture://historical/DEL-CCU/6E/2026-01-24,"INR 5,632.10",5632.1,4821.71,250,30.0,241.09,289.3,0.0,5632.1,ECONOMY,Saver
DEL,CCU,6E,IndiGo,6E484,2026-01-27,11:15:00,12:54:00,45,2025-12-13,HISTORICAL,fixture_historical,fixture://historical/DEL-CCU/6E/2026-01-27,"INR 4,749.12",4749.12,4026.24,250,30.0,201.31,241.57,0.0,4749.12,ECONOMY,Saver
DEL,CCU,6E,IndiGo,6E950,2026-01-30,17:15:00,18:58:00,1,2026-01-29,HISTORICAL,fixture_historical,fixture://historical/DEL-CCU/6E/2026-01-30,"INR 8,034.97",8034.97,6986.46,250,30.0,349.32,419.19,0.0,8034.97,ECONOMY,Saver
DEL,CCU,6E,IndiGo,6E408,2026-02-02,20:55:00,23:41:00,7,2026-01-26,HISTORICAL,fixture_historical,fixture://historical/DEL-CCU/6E/2026-02-02,"INR 6,995.55",6995.55,6050.05,250,30.0,302.5,363.0,0.0,6995.55,ECONOMY,Saver
DEL,CCU,6E,IndiGo,6E915,2026-02-05,16:00:00,18:14:00,15,2026-01-21,HISTORICAL,fixture_historical,fixture://historical/DEL-CCU/6E/2026-02-05,"INR 6,217.74",6217.74,5349.31,250,30.0,267.47,320.96,0.0,6217.74,ECONOMY,Saver
DEL,CCU,6E,IndiGo,6E777,2026-02-08,10:05:00,12:39:00,30,2026-01-09,HISTORICAL,fixture_historical,fixture://historical/DEL-CCU/6E/2026-02-08,"INR 5,287.78",5287.78,4511.51,250,30.0,225.58,270.69,0.0,5287.78,ECONOMY,Saver
DEL,CCU,6E,IndiGo,6E112,2026-02-11,20:30:00,23:02:00,45,2025-12-28,HISTORICAL,fixture_historical,fixture://historical/DEL-CCU/6E/2026-02-11,"INR 4,799.82",4799.82,4071.91,250,30.0,203.6,244.31,0.0,4799.82,ECONOMY,Saver
DEL,CCU,AI,AirIndia,AI470,2026-01-15,17:40:00,20:40:00,1,2026-01-14,HISTORICAL,fixture_historical,fixture://historical/DEL-CCU/AI/2026-01-15,"INR 8,872.01",8872.01,7740.55,250,30.0,387.03,464.43,0.0,8872.01,ECONOMY,Saver
DEL,CCU,AI,AirIndia,AI280,2026-01-18,18:45:00,21:38:00,7,2026-01-11,HISTORICAL,fixture_historical,fixture://historical/DEL-CCU/AI/2026-01-18,"INR 7,658.43",7658.43,6647.24,250,30.0,332.36,398.83,0.0,7658.43,ECONOMY,Saver
DEL,CCU,AI,AirIndia,AI927,2026-01-21,14:40:00,17:09:00,15,2026-01-06,HISTORICAL,fixture_historical,fixture://historical/DEL-CCU/AI/2026-01-21,"INR 6,823.29",6823.29,5894.86,250,30.0,294.74,353.69,0.0,6823.29,ECONOMY,Saver
DEL,CCU,AI,AirIndia,AI848,2026-01-24,16:20:00,18:31:00,30,2025-12-25,HISTORICAL,fixture_historical,fixture://historical/DEL-CCU/AI/2026-01-24,"INR 6,196.38",6196.38,5330.08,250,30.0,266.5,319.8,0.0,6196.38,ECONOMY,Saver
DEL,CCU,AI,AirIndia,AI950,2026-01-27,06:20:00,08:47:00,45,2025-12-13,HISTORICAL,fixture_historical,fixture://historical/DEL-CCU/AI/2026-01-27,"INR 5,876.87",5876.87,5042.23,250,30.0,252.11,302.53,0.0,5876.87,ECONOMY,Saver
DEL,CCU,AI,AirIndia,AI575,2026-01-30,16:50:00,19:45:00,1,2026-01-29,HISTORICAL,fixture_historical,fixture://historical/DEL-CCU/AI/2026-01-30,"INR 9,074.98",9074.98,7923.41,250,30.0,396.17,475.4,0.0,9074.98,ECONOMY,Saver
DEL,CCU,AI,AirIndia,AI129,2026-02-02,13:25:00,15:18:00,7,2026-01-26,HISTORICAL,fixture_historical,fixture://historical/DEL-CCU/AI/2026-02-02,"INR 7,940.92",7940.92,6901.73,250,30.0,345.09,414.1,0.0,7940.92,ECONOMY,Saver
DEL,CCU,AI,AirIndia,AI463,2026-02-05,19:20:00,21:33:00,15,2026-01-21,HISTORICAL,fixture_historical,fixture://historical/DEL-CCU/AI/2026-02-05,"INR 7,059.67",7059.67,6107.81,250,30.0,305.39,366.47,0.0,7059.67,ECONOMY,Saver
DEL,CCU,AI,AirIndia,AI710,2026-02-08,18:20:00,21:01:00,30,2026-01-09,HISTORICAL,fixture_historical,fixture://historical/DEL-CCU/AI/2026-02-08,"INR 6,047.26",6047.26,5195.73,250,30.0,259.79,311.74,0.0,6047.26,ECONOMY,Saver
DEL,CCU,AI,AirIndia,AI295,2026-02-11,06:15:00,08:37:00,45,2025-12-28,HISTORICAL,fixture_historical,fixture://historical/DEL-CCU/AI/2026-02-11,"INR 5,163.41",5163.41,4399.47,250,30.0,219.97,263.97,0.0,5163.41,ECONOMY,Saver
DEL,CCU,IX,AirIndiaExpress,IX876,2026-01-15,08:40:00,11:32:00,1,2026-01-14,HISTORICAL,fixture_historical,fixture://historical/DEL-CCU/IX/2026-01-15,"INR 7,526.97",7526.97,6528.8,250,30.0,326.44,391.73,0.0,7526.97,ECONOMY,Saver
DEL,CCU,IX,AirIndiaExpress,IX558,2026-01-18,19:00:00,20:41:00,7,2026-01-11,HISTORICAL,fixture_historical,fixture://historical/DEL-CCU/IX/2026-01-18,"INR 6,674.27",6674.27,5760.6,250,30.0,288.03,345.64,0.0,6674.27,ECONOMY,Saver
DEL,CCU,IX,AirIndiaExpress,IX514,2026-01-21,18:15:00,20:24:00,15,2026-01-06,HISTORICAL,fixture_historical,fixture://historical/DEL-CCU/IX/2026-01-21,"INR 5,480.89",5480.89,4685.49,250,30.0,234.27,281.13,0.0,5480.89,ECONOMY,Saver
DEL,CCU,IX,AirIndiaExpress,IX477,2026-01-24,13:45:00,16:22:00,30,2025-12-25,HISTORICAL,fixture_historical,fixture://historical/DEL-CCU/IX/2026-01-24,"INR 5,136.75",5136.75,4375.45,250,30.0,218.77,262.53,0.0,5136.75,ECONOMY,Saver
DEL,CCU,IX,AirIndiaExpress,IX863,2026-01-27,14:25:00,16:40:00,45,2025-12-13,HISTORICAL,fixture_historical,fixture://historical/DEL-CCU/IX/2026-01-27,"INR 4,369.94",4369.94,3684.63,250,30.0,184.23,221.08,0.0,4369.94,ECONOMY,Saver
DEL,CCU,IX,AirIndiaExpress,IX377,2026-01-30,09:20:00,11:19:00,1,2026-01-29,HISTORICAL,fixture_historical,fixture://historical/DEL-CCU/IX/2026-01-30,"INR 7,775.87",7775.87,6753.04,250,30.0,337.65,405.18,0.0,7775.87,ECONOMY,Saver
DEL,CCU,IX,AirIndiaExpress,IX297,2026-02-02,10:05:00,12:43:00,7,2026-01-26,HISTORICAL,fixture_historical,fixture://historical/DEL-CCU/IX/2026-02-02,"INR 6,089.26",6089.26,5233.57,250,30.0,261.68,314.01,0.0,6089.26,ECONOMY,Saver
DEL,CCU,IX,AirIndiaExpress,IX806,2026-02-05,07:15:00,09:12:00,15,2026-01-21,HISTORICAL,fixture_historical,fixture://historical/DEL-CCU/IX/2026-02-05,"INR 6,045.92",6045.92,5194.52,250,30.0,259.73,311.67,0.0,6045.92,ECONOMY,Saver
DEL,CCU,IX,AirIndiaExpress,IX383,2026-02-08,18:50:00,21:27:00,30,2026-01-09,HISTORICAL,fixture_historical,fixture://historical/DEL-CCU/IX/2026-02-08,"INR 5,193.27",5193.27,4426.37,250,30.0,221.32,265.58,0.0,5193.27,ECONOMY,Saver
DEL,CCU,IX,AirIndiaExpress,IX202,2026-02-11,20:15:00,22:22:00,45,2025-12-28,HISTORICAL,fixture_historical,fixture://historical/DEL-CCU/IX/2026-02-11,"INR 4,539.77",4539.77,3837.63,250,30.0,191.88,230.26,0.0,4539.77,ECONOMY,Saver
DEL,CCU,QP,Akasa,QP283,2026-01-15,09:00:00,12:00:00,1,2026-01-14,HISTORICAL,fixture_historical,fixture://historical/DEL-CCU/QP/2026-01-15,"INR 7,442.95",7442.95,6453.1,250,30.0,322.66,387.19,0.0,7442.95,ECONOMY,Saver
DEL,CCU,QP,Akasa,QP380,2026-01-18,05:00:00,07:40:00,7,2026-01-11,HISTORICAL,fixture_historical,fixture://historical/DEL-CCU/QP/2026-01-18,"INR 6,694.79",6694.79,5779.09,250,30.0,288.95,346.75,0.0,6694.79,ECONOMY,Saver
DEL,CCU,QP,Akasa,QP229,2026-01-21,17:40:00,19:23:00,15,2026-01-06,HISTORICAL,fixture_historical,fixture://historical/DEL-CCU/QP/2026-01-21,"INR 5,643.28",5643.28,4831.78,250,30.0,241.59,289.91,0.0,5643.28,ECONOMY,Saver
DEL,CCU,QP,Akasa,QP687,2026-01-24,09:40:00,12:11:00,30,2025-12-25,HISTORICAL,fixture_historical,fixture://historical/DEL-CCU/QP/2026-01-24,"INR 5,453.19",5453.19,4660.53,250,30.0,233.03,279.63,0.0,5453.19,ECONOMY,Saver
DEL,CCU,QP,Akasa,QP288,2026-01-27,05:20:00,07:51:00,45,2025-12-13,HISTORICAL,fixture_historical,fixture://historical/DEL-CCU/QP/2026-01-27,"INR 4,566.06",4566.06,3861.31,250,30.0,193.07,231.68,0.0,4566.06,ECONOMY,Saver
DEL,CCU,QP,Akasa,QP166,2026-01-30,11:40:00,13:19:00,1,2026-01-29,HISTORICAL,fixture_historical,fixture://historical/DEL-CCU/QP/2026-01-30,"INR 7,307.05",7307.05,6330.68,250,30.0,316.53,379.84,0.0,7307.05,ECONOMY,Saver
DEL,CCU,QP,Akasa,QP802,2026-02-02,05:10:00,06:59:00,7,2026-01-26,HISTORICAL,fixture_historical,fixture://historical/DEL-CCU/QP/2026-02-02,"INR 6,738.57",6738.57,5818.53,250,30.0,290.93,349.11,0.0,6738.57,ECONOMY,Saver
DEL,CCU,QP,Akasa,QP411,2026-02-05,06:15:00,08:00:00,15,2026-01-21,HISTORICAL,fixture_historical,fixture://historical/DEL-CCU/QP/2026-02-05,"INR 6,103.96",6103.96,5246.81,250,30.0,262.34,314.81,0.0,6103.96,ECONOMY,Saver
DEL,CCU,QP,Akasa,QP526,2026-02-08,16:50:00,19:39:00,30,2026-01-09,HISTORICAL,fixture_historical,fixture://historical/DEL-CCU/QP/2026-02-08,"INR 5,207.42",5207.42,4439.11,250,30.0,221.96,266.35,0.0,5207.42,ECONOMY,Saver
DEL,CCU,QP,Akasa,QP635,2026-02-11,11:40:00,14:06:00,45,2025-12-28,HISTORICAL,fixture_historical,fixture://historical/DEL-CCU/QP/2026-02-11,"INR 4,417.35",4417.35,3727.34,250,30.0,186.37,223.64,0.0,4417.35,ECONOMY,Saver
DEL,CCU,SG,SpiceJet,SG702,2026-01-15,11:20:00,14:02:00,1,2026-01-14,HISTORICAL,fixture_historical,fixture://historical/DEL-CCU/SG/2026-01-15,"INR 6,935.11",6935.11,5995.59,250,30.0,299.78,359.74,0.0,6935.11,ECONOMY,Saver
DEL,CCU,SG,SpiceJet,SG724,2026-01-18,18:05:00,20:01:00,7,2026-01-11,HISTORICAL,fixture_historical,fixture://historical/DEL-CCU/SG/2026-01-18,"INR 6,252.59",6252.59,5380.71,250,30.0,269.04,322.84,0.0,6252.59,ECONOMY,Saver
DEL,CCU,SG,SpiceJet,SG370,2026-01-21,17:05:00,18:55:00,15,2026-01-06,HISTORICAL,fixture_historical,fixture://historical/DEL-CCU/SG/2026-01-21,"INR 5,477.22",5477.22,4682.18,250,30.0,234.11,280.93,0.0,5477.22,ECONOMY,Saver
DEL,CCU,SG,SpiceJet,SG665,2026-01-24,06:10:00,07:40:00,30,2025-12-25,HISTORICAL,fixture_historical,fixture://historical/DEL-CCU/SG/2026-01-24,"INR 4,576.89",4576.89,3871.08,250,30.0,193.55,232.26,0.0,4576.89,ECONOMY,Saver
DEL,CCU,SG,SpiceJet,SG805,2026-01-27,16:40:00,18:47:00,45,2025-12-13,HISTORICAL,fixture_historical,fixture://historical/DEL-CCU/SG/2026-01-27,"INR 4,195.86",4195.86,3527.8,250,30.0,176.39,211.67,0.0,4195.86,ECONOMY,Saver
DEL,CCU,SG,SpiceJet,SG395,2026-01-30,18:20:00,21:19:00,1,2026-01-29,HISTORICAL,fixture_historical,fixture://historical/DEL-CCU/SG/2026-01-30,"INR 6,643.79",6643.79,5733.14,250,30.0,286.66,343.99,0.0,6643.79,ECONOMY,Saver
DEL,CCU,SG,SpiceJet,SG172,2026-02-02,17:15:00,19:18:00,7,2026-01-26,HISTORICAL,fixture_historical,fixture://historical/DEL-CCU/SG/2026-02-02,"INR 6,476.25",6476.25,5582.21,250,30.0,279.11,334.93,0.0,6476.25,ECONOMY,Saver
DEL,CCU,SG,SpiceJet,SG740,2026-02-05,16:55:00,18:50:00,15,2026-01-21,HISTORICAL,fixture_historical,fixture://historical/DEL-CCU/SG/2026-02-05,"INR 5,609.53",5609.53,4801.38,250,30.0,240.07,288.08,0.0,5609.53,ECONOMY,Saver
DEL,CCU,SG,SpiceJet,SG657,2026-02-08,08:55:00,10:44:00,30,2026-01-09,HISTORICAL,fixture_historical,fixture://historical/DEL-CCU/SG/2026-02-08,"INR 4,709.81",4709.81,3990.82,250,30.0,199.54,239.45,0.0,4709.81,ECONOMY,Saver
DEL,CCU,SG,SpiceJet,SG946,2026-02-11,07:05:00,08:42:00,45,2025-12-28,HISTORICAL,fixture_historical,fixture://historical/DEL-CCU/SG/2026-02-11,"INR 4,513.71",4513.71,3814.15,250,30.0,190.71,228.85,0.0,4513.71,ECONOMY,Saver
DEL,HYD,6E,IndiGo,6E414,2026-01-15,16:50:00,18:56:00,1,2026-01-14,HISTORICAL,fixture_historical,fixture://historical/DEL-HYD/6E/2026-01-15,"INR 6,520.96",6520.96,5622.49,250,30.0,281.12,337.35,0.0,6520.96,ECONOMY,Saver
DEL,HYD,6E,IndiGo,6E579,2026-01-18,18:20:00,21:19:00,7,2026-01-11,HISTORICAL,fixture_historical,fixture://historical/DEL-HYD/6E/2026-01-18,"INR 5,841.92",5841.92,5010.74,250,30.0,250.54,300.64,0.0,5841.92,ECONOMY,Saver
DEL,HYD,6E,IndiGo,6E378,2026-01-21,14:45:00,17:18:00,15,2026-01-06,HISTORICAL,fixture_historical,fixture://historical/DEL-HYD/6E/2026-01-21,"INR 5,087.82",5087.82,4331.37,250,30.0,216.57,259.88,0.0,5087.82,ECONOMY,Saver
DEL,HYD,6E,IndiGo,6E712,2026-01-24,05:30:00,07:41:00,30,2025-12-25,HISTORICAL,fixture_historical,fixture://historical/DEL-HYD/6E/2026-01-24,"INR 4,535.12",4535.12,3833.44,250,30.0,191.67,230.01,0.0,4535.12,ECONOMY,Saver
DEL,HYD,6E,IndiGo,6E126,2026-01-27,06:15:00,09:11:00,45,2025-12-13,HISTORICAL,fixture_historical,fixture://historical/DEL-HYD/6E/2026-01-27,"INR 4,152.74",4152.74,3488.95,250,30.0,174.45,209.34,0.0,4152.74,ECONOMY,Saver
DEL,HYD,6E,IndiGo,6E689,2026-01-30,16:00:00,18:56:00,1,2026-01-29,HISTORICAL,fixture_historical,fixture://historical/DEL-HYD/6E/2026-01-30,"INR 7,227.83",7227.83,6259.3,250,30.0,312.97,375.56,0.0,7227.83,ECONOMY,Saver
DEL,HYD,6E,IndiGo,6E690,2026-02-02,05:10:00,07:40:00,7,2026-01-26,HISTORICAL,fixture_historical,fixture://historical/DEL-HYD/6E/2026-02-02,"INR 6,185.44",6185.44,5320.22,250,30.0,266.01,319.21,0.0,6185.44,ECONOMY,Saver
DEL,HYD,6E,IndiGo,6E552,2026-02-05,09:10:00,11:54:00,15,2026-01-21,HISTORICAL,fixture_historical,fixture://historical/DEL-HYD/6E/2026-02-05,"INR 5,178.82",5178.82,4413.35,250,30.0,220.67,264.8,0.0,5178.82,ECONOMY,Saver
DEL,HYD,6E,IndiGo,6E933,2026-02-08,13:05:00,15:35:00,30,2026-01-09,HISTORICAL,fixture_historical,fixture://historical/DEL-HYD/6E/2026-02-08,"INR 4,533.83",4533.83,3832.28,250,30.0,191.61,229.94,0.0,4533.83,ECONOMY,Saver
DEL,HYD,6E,IndiGo,6E441,2026-02-11,10:55:00,12:38:00,45,2025-12-28,HISTORICAL,fixture_historical,fixture://historical/DEL-HYD/6E/2026-02-11,"INR 3,996.85",3996.85,3348.51,250,30.0,167.43,200.91,0.0,3996.85,ECONOMY,Saver
DEL,HYD,AI,AirIndia,AI437,2026-01-15,11:40:00,13:46:00,1,2026-01-14,HISTORICAL,fixture_historical,fixture://historical/DEL-HYD/AI/2026-01-15,"INR 8,644.95",8644.95,7535.99,250,30.0,376.8,452.16,0.0,8644.95,ECONOMY,Saver
DEL,HYD,AI,AirIndia,AI510,2026-01-18,20:45:00,22:19:00,7,2026-01-11,HISTORICAL,fixture_historical,fixture://historical/DEL-HYD/AI/2026-01-18,"INR 7,195.25",7195.25,6229.95,250,30.0,311.5,373.8,0.0,7195.25,ECONOMY,Saver
DEL,HYD,AI,AirIndia,AI422,2026-01-21,09:25:00,11:09:00,15,2026-01-06,HISTORICAL,fixture_historical,fixture://historical/DEL-HYD/AI/2026-01-21,"INR 6,098.44",6098.44,5241.84,250,30.0,262.09,314.51,0.0,6098.44,ECONOMY,Saver
DEL,HYD,AI,AirIndia,AI513,2026-01-24,20:45:00,22:15:00,30,2025-12-25,HISTORICAL,fixture_historical,fixture://historical/DEL-HYD/AI/2026-01-24,"INR 5,825.51",5825.51,4995.95,250,30.0,249.8,299.76,0.0,5825.51,ECONOMY,Saver
DEL,HYD,AI,AirIndia,AI655,2026-01-27,13:30:00,15:06:00,45,2025-12-13,HISTORICAL,fixture_historical,fixture://historical/DEL-HYD/AI/2026-01-27,"INR 4,966.74",4966.74,4222.29,250,30.0,211.11,253.34,0.0,4966.74,ECONOMY,Saver
DEL,HYD,AI,AirIndia,AI470,2026-01-30,16:40:00,19:30:00,1,2026-01-29,HISTORICAL,fixture_historical,fixture://historical/DEL-HYD/AI/2026-01-30,"INR 7,796.57",7796.57,6771.69,250,30.0,338.58,406.3,0.0,7796.57,ECONOMY,Saver
DEL,HYD,AI,AirIndia,AI152,2026-02-02,08:20:00,11:00:00,7,2026-01-26,HISTORICAL,fixture_historical,fixture://historical/DEL-HYD/AI/2026-02-02,"INR 6,957.41",6957.41,6015.69,250,30.0,300.78,360.94,0.0,6957.41,ECONOMY,Saver
DEL,HYD,AI,AirIndia,AI394,2026-02-05,13:40:00,15:25:00,15,2026-01-21,HISTORICAL,fixture_historical,fixture://historical/DEL-HYD/AI/2026-02-05,"INR 5,794.79",5794.79,4968.28,250,30.0,248.41,298.1,0.0,5794.79,ECONOMY,Saver
DEL,HYD,AI,AirIndia,AI745,2026-02-08,16:15:00,19:15:00,30,2026-01-09,HISTORICAL,fixture_historical,fixture://historical/DEL-HYD/AI/2026-02-08,"INR 5,048.73",5048.73,4296.15,250,30.0,214.81,257.77,0.0,5048.73,ECONOMY,Saver
DEL,HYD,AI,AirIndia,AI664,2026-02-11,05:45:00,08:07:00,45,2025-12-28,HISTORICAL,fixture_historical,fixture://historical/DEL-HYD/AI/2026-02-11,"INR 4,601.55",4601.55,3893.29,250,30.0,194.66,233.6,0.0,4601.55,ECONOMY,Saver
DEL,HYD,IX,AirIndiaExpress,IX961,2026-01-15,06:40:00,08:25:00,1,2026-01-14,HISTORICAL,fixture_historical,fixture://historical/DEL-HYD/IX/2026-01-15,"INR 6,136.05",6136.05,5275.72,250,30.0,263.79,316.54,0.0,6136.05,ECONOMY,Saver
DEL,HYD,IX,AirIndiaExpress,IX257,2026-01-18,13:20:00,15:55:00,7,2026-01-11,HISTORICAL,fixture_historical,fixture://historical/DEL-HYD/IX/2026-01-18,"INR 5,741.88",5741.88,4920.61,250,30.0,246.03,295.24,0.0,5741.88,ECONOMY,Saver
DEL,HYD,IX,AirIndiaExpress,IX525,2026-01-21,20:40:00,23:10:00,15,2026-01-06,HISTORICAL,fixture_historical,fixture://historical/DEL-HYD/IX/2026-01-21,"INR 5,072.29",5072.29,4317.38,250,30.0,215.87,259.04,0.0,5072.29,ECONOMY,Saver
DEL,HYD,IX,AirIndiaExpress,IX664,2026-01-24,07:30:00,09:24:00,30,2025-12-25,HISTORICAL,fixture_historical,fixture://historical/DEL-HYD/IX/2026-01-24,"INR 4,195.60",4195.6,3527.57,250,30.0,176.38,211.65,0.0,4195.6,ECONOMY,Saver
DEL,HYD,IX,AirIndiaExpress,IX620,2026-01-27,18:10:00,19:48:00,45,2025-12-13,HISTORICAL,fixture_historical,fixture://historical/DEL-HYD/IX/2026-01-27,"INR 4,143.32",4143.32,3480.47,250,30.0,174.02,208.83,0.0,4143.32,ECONOMY,Saver
DEL,HYD,IX,AirIndiaExpress,IX908,2026-01-30,20:30:00,22:43:00,1,2026-01-29,HISTORICAL,fixture_historical,fixture://historical/DEL-HYD/IX/2026-01-30,"INR 6,319.49",6319.49,5440.98,250,30.0,272.05,326.46,0.0,6319.49,ECONOMY,Saver
DEL,HYD,IX,AirIndiaExpress,IX619,2026-02-02,09:00:00,11:06:00,7,2026-01-26,HISTORICAL,fixture_historical,fixture://historical/DEL-HYD/IX/2026-02-02,"INR 5,986.50",5986.5,5140.99,250,30.0,257.05,308.46,0.0,5986.5,ECONOMY,Saver
DEL,HYD,IX,AirIndiaExpress,IX957,2026-02-05,16:50:00,19:44:00,15,2026-01-21,HISTORICAL,fixture_historical,fixture://historical/DEL-HYD/IX/2026-02-05,"INR 5,087.61",5087.61,4331.18,250,30.0,216.56,259.87,0.0,5087.61,ECONOMY,Saver
DEL,HYD,IX,AirIndiaExpress,IX252,2026-02-08,13:45:00,16:16:00,30,2026-01-09,HISTORICAL,fixture_historical,fixture://historical/DEL-HYD/IX/2026-02-08,"INR 4,356.26",4356.26,3672.3,250,30.0,183.62,220.34,0.0,4356.26,ECONOMY,Saver
DEL,HYD,IX,AirIndiaExpress,IX665,2026-02-11,19:45:00,22:03:00,45,2025-12-28,HISTORICAL,fixture_historical,fixture://historical/DEL-HYD/IX/2026-02-11,"INR 3,809.37",3809.37,3179.61,250,30.0,158.98,190.78,0.0,3809.37,ECONOMY,Saver
DEL,HYD,QP,Akasa,QP429,2026-01-15,20:15:00,23:14:00,1,2026-01-14,HISTORICAL,fixture_historical,fixture://historical/DEL-HYD/QP/2026-01-15,"INR 6,695.37",6695.37,5779.61,250,30.0,288.98,346.78,0.0,6695.37,ECONOMY,Saver
DEL,HYD,QP,Akasa,QP492,2026-01-18,08:30:00,10:05:00,7,2026-01-11,HISTORICAL,fixture_historical,fixture://historical/DEL-HYD/QP/2026-01-18,"INR 5,554.24",5554.24,4751.57,250,30.0,237.58,285.09,0.0,5554.24,ECONOMY,Saver
DEL,HYD,QP,Akasa,QP584,2026-01-21,18:30:00,20:49:00,15,2026-01-06,HISTORICAL,fixture_historical,fixture://historical/DEL-HYD/QP/2026-01-21,"INR 4,927.08",4927.08,4186.56,250,30.0,209.33,251.19,0.0,4927.08,ECONOMY,Saver
DEL,HYD,QP,Akasa,QP911,2026-01-24,20:55:00,22:44:00,30,2025-12-25,HISTORICAL,fixture_historical,fixture://historical/DEL-HYD/QP/2026-01-24,"INR 4,821.11",4821.11,4091.09,250,30.0,204.55,245.47,0.0,4821.11,ECONOMY,Saver
DEL,HYD,QP,Akasa,QP137,2026-01-27,07:45:00,10:30:00,45,2025-12-13,HISTORICAL,fixture_historical,fixture://historical/DEL-HYD/QP/2026-01-27,"INR 4,010.54",4010.54,3360.85,250,30.0,168.04,201.65,0.0,4010.54,ECONOMY,Saver
DEL,HYD,QP,Akasa,QP202,2026-01-30,20:40:00,22:22:00,1,2026-01-29,HISTORICAL,fixture_historical,fixture://historical/DEL-HYD/QP/2026-01-30,"INR 6,567.84",6567.84,5664.72,250,30.0,283.24,339.88,0.0,6567.84,ECONOMY,Saver
DEL,HYD,QP,Akasa,QP567,2026-02-02,05:10:00,07:32:00,7,2026-01-26,HISTORICAL,fixture_historical,fixture://historical/DEL-HYD/QP/2026-02-02,"INR 5,807.12",5807.12,4979.39,250,30.0,248.97,298.76,0.0,5807.12,ECONOMY,Saver
DEL,HYD,QP,Akasa,QP258,2026-02-05,06:40:00,08:43:00,15,2026-01-21,HISTORICAL,fixture_historical,fixture://historical/DEL-HYD/QP/2026-02-05,"INR 5,350.38",5350.38,4567.91,250,30.0,228.4,274.07,0.0,5350.38,ECONOMY,Saver
DEL,HYD,QP,Akasa,QP809,2026-02-08,11:55:00,13:35:00,30,2026-01-09,HISTORICAL,fixture_historical,fixture://historical/DEL-HYD/QP/2026-02-08,"INR 4,383.17",4383.17,3696.55,250,30.0,184.83,221.79,0.0,4383.17,ECONOMY,Saver
DEL,HYD,QP,Akasa,QP972,2026-02-11,17:45:00,20:03:00,45,2025-12-28,HISTORICAL,fixture_historical,fixture://historical/DEL-HYD/QP/2026-02-11,"INR 4,223.45",4223.45,3552.66,250,30.0,177.63,213.16,0.0,4223.45,ECONOMY,Saver
DEL,HYD,SG,SpiceJet,SG741,2026-01-15,18:40:00,21:19:00,1,2026-01-14,HISTORICAL,fixture_historical,fixture://historical/DEL-HYD/SG/2026-01-15,"INR 6,645.24",6645.24,5734.45,250,30.0,286.72,344.07,0.0,6645.24,ECONOMY,Saver
DEL,HYD,SG,SpiceJet,SG170,2026-01-18,08:55:00,11:52:00,7,2026-01-11,HISTORICAL,fixture_historical,fixture://historical/DEL-HYD/SG/2026-01-18,"INR 4,959.58",4959.58,4215.84,250,30.0,210.79,252.95,0.0,4959.58,ECONOMY,Saver
DEL,HYD,SG,SpiceJet,SG332,2026-01-21,18:05:00,20:30:00,15,2026-01-06,HISTORICAL,fixture_historical,fixture://historical/DEL-HYD/SG/2026-01-21,"INR 4,971.64",4971.64,4226.7,250,30.0,211.34,253.6,0.0,4971.64,ECONOMY,Saver
DEL,HYD,SG,SpiceJet,SG878,2026-01-24,17:05:00,19:31:00,30,2025-12-25,HISTORICAL,fixture_historical,fixture://historical/DEL-HYD/SG/2026-01-24,"INR 4,444.18",4444.18,3751.51,250,30.0,187.58,225.09,0.0,4444.18,ECONOMY,Saver
DEL,HYD,SG,SpiceJet,SG406,2026-01-27,05:00:00,07:11:00,45,2025-12-13,HISTORICAL,fixture_historical,fixture://historical/DEL-HYD/SG/2026-01-27,"INR 3,525.54",3525.54,2923.91,250,30.0,146.2,175.43,0.0,3525.54,ECONOMY,Saver
DEL,HYD,SG,SpiceJet,SG400,2026-01-30,10:25:00,12:50:00,1,2026-01-29,HISTORICAL,fixture_historical,fixture://historical/DEL-HYD/SG/2026-01-30,"INR 6,495.24",6495.24,5599.31,250,30.0,279.97,335.96,0.0,6495.24,ECONOMY,Saver
DEL,HYD,SG,SpiceJet,SG643,2026-02-02,11:50:00,14:47:00,7,2026-01-26,HISTORICAL,fixture_historical,fixture://historical/DEL-HYD/SG/2026-02-02,"INR 5,048.29",5048.29,4295.75,250,30.0,214.79,257.75,0.0,5048.29,ECONOMY,Saver
DEL,HYD,SG,SpiceJet,SG274,2026-02-05,07:05:00,09:53:00,15,2026-01-21,HISTORICAL,fixture_historical,fixture://historical/DEL-HYD/SG/2026-02-05,"INR 4,881.33",4881.33,4145.34,250,30.0,207.27,248.72,0.0,4881.33,ECONOMY,Saver
DEL,HYD,SG,SpiceJet,SG734,2026-02-08,17:15:00,19:48:00,30,2026-01-09,HISTORICAL,fixture_historical,fixture://historical/DEL-HYD/SG/2026-02-08,"INR 4,377.64",4377.64,3691.57,250,30.0,184.58,221.49,0.0,4377.64,ECONOMY,Saver
DEL,HYD,SG,SpiceJet,SG246,2026-02-11,08:40:00,11:31:00,45,2025-12-28,HISTORICAL,fixture_historical,fixture://historical/DEL-HYD/SG/2026-02-11,"INR 3,935.03",3935.03,3292.82,250,30.0,164.64,197.57,0.0,3935.03,ECONOMY,Saver
BOM,MAA,6E,IndiGo,6E361,2026-01-15,17:00:00,19:29:00,1,2026-01-14,HISTORICAL,fixture_historical,fixture://historical/BOM-MAA/6E/2026-01-15,"INR 4,881.45",4881.45,4149.95,245,30.0,207.5,249.0,0.0,4881.45,ECONOMY,Saver
BOM,MAA,6E,IndiGo,6E793,2026-01-18,14:10:00,15:49:00,7,2026-01-11,HISTORICAL,fixture_historical,fixture://historical/BOM-MAA/6E/2026-01-18,"INR 4,622.01",4622.01,3916.23,245,30.0,195.81,234.97,0.0,4622.01,ECONOMY,Saver
BOM,MAA,6E,IndiGo,6E453,2026-01-21,16:20:00,19:11:00,15,2026-01-06,HISTORICAL,fixture_historical,fixture://historical/BOM-MAA/6E/2026-01-21,"INR 3,793.89",3793.89,3170.17,245,30.0,158.51,190.21,0.0,3793.89,ECONOMY,Saver
BOM,MAA,6E,IndiGo,6E806,2026-01-24,09:40:00,11:48:00,30,2025-12-25,HISTORICAL,fixture_historical,fixture://historical/BOM-MAA/6E/2026-01-24,"INR 3,631.83",3631.83,3024.17,245,30.0,151.21,181.45,0.0,3631.83,ECONOMY,Saver
BOM,MAA,6E,IndiGo,6E493,2026-01-27,20:40:00,22:23:00,45,2025-12-13,HISTORICAL,fixture_historical,fixture://historical/BOM-MAA/6E/2026-01-27,"INR 2,912.22",2912.22,2375.88,245,30.0,118.79,142.55,0.0,2912.22,ECONOMY,Saver
BOM,MAA,6E,IndiGo,6E685,2026-01-30,10:50:00,12:57:00,1,2026-01-29,HISTORICAL,fixture_historical,fixture://historical/BOM-MAA/6E/2026-01-30,"INR 4,868.58",4868.58,4138.36,245,30.0,206.92,248.3,0.0,4868.58,ECONOMY,Saver
BOM,MAA,6E,IndiGo,6E402,2026-02-02,05:55:00,08:15:00,7,2026-01-26,HISTORICAL,fixture_historical,fixture://historical/BOM-MAA/6E/2026-02-02,"INR 4,681.81",4681.81,3970.1,245,30.0,198.5,238.21,0.0,4681.81,ECONOMY,Saver
BOM,MAA,6E,IndiGo,6E679,2026-02-05,20:55:00,22:31:00,15,2026-01-21,HISTORICAL,fixture_historical,fixture://historical/BOM-MAA/6E/2026-02-05,"INR 3,698.83",3698.83,3084.53,245,30.0,154.23,185.07,0.0,3698.83,ECONOMY,Saver
BOM,MAA,6E,IndiGo,6E863,2026-02-08,13:20:00,15:19:00,30,2026-01-09,HISTORICAL,fixture_historical,fixture://historical/BOM-MAA/6E/2026-02-08,"INR 3,606.12",3606.12,3001.01,245,30.0,150.05,180.06,0.0,3606.12,ECONOMY,Saver
BOM,MAA,6E,IndiGo,6E460,2026-02-11,08:55:00,10:49:00,45,2025-12-28,HISTORICAL,fixture_historical,fixture://historical/BOM-MAA/6E/2026-02-11,"INR 3,093.03",3093.03,2538.76,245,30.0,126.94,152.33,0.0,3093.03,ECONOMY,Saver
BOM,MAA,AI,AirIndia,AI794,2026-01-15,19:55:00,22:52:00,1,2026-01-14,HISTORICAL,fixture_historical,fixture://historical/BOM-MAA/AI/2026-01-15,"INR 6,140.54",6140.54,5284.27,245,30.0,264.21,317.06,0.0,6140.54,ECONOMY,Saver
BOM,MAA,AI,AirIndia,AI743,2026-01-18,06:55:00,09:47:00,7,2026-01-11,HISTORICAL,fixture_historical,fixture://historical/BOM-MAA/AI/2026-01-18,"INR 5,442.11",5442.11,4655.06,245,30.0,232.75,279.3,0.0,5442.11,ECONOMY,Saver
BOM,MAA,AI,AirIndia,AI907,2026-01-21,13:00:00,15:44:00,15,2026-01-06,HISTORICAL,fixture_historical,fixture://historical/BOM-MAA/AI/2026-01-21,"INR 4,223.29",4223.29,3557.02,245,30.0,177.85,213.42,0.0,4223.29,ECONOMY,Saver
BOM,MAA,AI,AirIndia,AI234,2026-01-24,06:20:00,08:31:00,30,2025-12-25,HISTORICAL,fixture_historical,fixture://historical/BOM-MAA/AI/2026-01-24,"INR 3,944.81",3944.81,3306.13,245,30.0,165.31,198.37,0.0,3944.81,ECONOMY,Saver
BOM,MAA,AI,AirIndia,AI279,2026-01-27,08:10:00,10:49:00,45,2025-12-13,HISTORICAL,fixture_historical,fixture://historical/BOM-MAA/AI/2026-01-27,"INR 3,731.32",3731.32,3113.8,245,30.0,155.69,186.83,0.0,3731.32,ECONOMY,Saver
BOM,MAA,AI,AirIndia,AI474,2026-01-30,14:45:00,16:49:00,1,2026-01-29,HISTORICAL,fixture_historical,fixture://historical/BOM-MAA/AI/2026-01-30,"INR 6,375.83",6375.83,5496.25,245,30.0,274.81,329.77,0.0,6375.83,ECONOMY,Saver
BOM,MAA,AI,AirIndia,AI363,2026-02-02,20:40:00,22:47:00,7,2026-01-26,HISTORICAL,fixture_historical,fixture://historical/BOM-MAA/AI/2026-02-02,"INR 5,435.95",5435.95,4649.5,245,30.0,232.48,278.97,0.0,5435.95,ECONOMY,Saver
BOM,MAA,AI,AirIndia,AI446,2026-02-05,19:05:00,21:34:00,15,2026-01-21,HISTORICAL,fixture_historical,fixture://historical/BOM-MAA/AI/2026-02-05,"INR 4,705.55",4705.55,3991.49,245,30.0,199.57,239.49,0.0,4705.55,ECONOMY,Saver
BOM,MAA,AI,AirIndia,AI244,2026-02-08,19:15:00,22:11:00,30,2026-01-09,HISTORICAL,fixture_historical,fixture://historical/BOM-MAA/AI/2026-02-08,"INR 4,303.71",4303.71,3629.47,245,30.0,181.47,217.77,0.0,4303.71,ECONOMY,Saver
BOM,MAA,AI,AirIndia,AI506,2026-02-11,20:45:00,23:01:00,45,2025-12-28,HISTORICAL,fixture_historical,fixture://historical/BOM-MAA/AI/2026-02-11,"INR 3,718.94",3718.94,3102.65,245,30.0,155.13,186.16,0.0,3718.94,ECONOMY,Saver
BOM,MAA,IX,AirIndiaExpress,IX504,2026-01-15,05:20:00,07:58:00,1,2026-01-14,HISTORICAL,fixture_historical,fixture://historical/BOM-MAA/IX/2026-01-15,"INR 4,531.83",4531.83,3834.98,245,30.0,191.75,230.1,0.0,4531.83,ECONOMY,Saver
BOM,MAA,IX,AirIndiaExpress,IX477,2026-01-18,17:55:00,19:58:00,7,2026-01-11,HISTORICAL,fixture_historical,fixture://historical/BOM-MAA/IX/2026-01-18,"INR 3,921.85",3921.85,3285.45,245,30.0,164.27,197.13,0.0,3921.85,ECONOMY,Saver
BOM,MAA,IX,AirIndiaExpress,IX942,2026-01-21,17:25:00,19:08:00,15,2026-01-06,HISTORICAL,fixture_historical,fixture://historical/BOM-MAA/IX/2026-01-21,"INR 3,695.06",3695.06,3081.13,245,30.0,154.06,184.87,0.0,3695.06,ECONOMY,Saver
BOM,MAA,IX,AirIndiaExpress,IX582,2026-01-24,05:50:00,08:31:00,30,2025-12-25,HISTORICAL,fixture_historical,fixture://historical/BOM-MAA/IX/2026-01-24,"INR 3,327.54",3327.54,2750.04,245,30.0,137.5,165.0,0.0,3327.54,ECONOMY,Saver
BOM,MAA,IX,AirIndiaExpress,IX724,2026-01-27,08:55:00,10:33:00,45,2025-12-13,HISTORICAL,fixture_historical,fixture://historical/BOM-MAA/IX/2026-01-27,"INR 2,834.61",2834.61,2305.95,245,30.0,115.3,138.36,0.0,2834.61,ECONOMY,Saver
BOM,MAA,IX,AirIndiaExpress,IX575,2026-01-30,18:20:00,21:13:00,1,2026-01-29,HISTORICAL,fixture_historical,fixture://historical/BOM-MAA/IX/2026-01-30,"INR 4,929.13",4929.13,4192.91,245,30.0,209.65,251.57,0.0,4929.13,ECONOMY,Saver
BOM,MAA,IX,AirIndiaExpress,IX243,2026-02-02,05:00:00,07:08:00,7,2026-01-26,HISTORICAL,fixture_historical,fixture://historical/BOM-MAA/IX/2026-02-02,"INR 4,098.62",4098.62,3444.7,245,30.0,172.24,206.68,0.0,4098.62,ECONOMY,Saver
BOM,MAA,IX,AirIndiaExpress,IX218,2026-02-05,06:15:00,08:53:00,15,2026-01-21,HISTORICAL,fixture_historical,fixture://historical/BOM-MAA/IX/2026-02-05,"INR 3,917.15",3917.15,3281.22,245,30.0,164.06,196.87,0.0,3917.15,ECONOMY,Saver
BOM,MAA,IX,AirIndiaExpress,IX564,2026-02-08,10:55:00,13:54:00,30,2026-01-09,HISTORICAL,fixture_historical,fixture://historical/BOM-MAA/IX/2026-02-08,"INR 3,071.37",3071.37,2519.25,245,30.0,125.96,151.16,0.0,3071.37,ECONOMY,Saver
BOM,MAA,IX,AirIndiaExpress,IX529,2026-02-11,16:10:00,18:33:00,45,2025-12-28,HISTORICAL,fixture_historical,fixture://historical/BOM-MAA/IX/2026-02-11,"INR 3,094.84",3094.84,2540.4,245,30.0,127.02,152.42,0.0,3094.84,ECONOMY,Saver
BOM,MAA,QP,Akasa,QP953,2026-01-15,13:50:00,16:12:00,1,2026-01-14,HISTORICAL,fixture_historical,fixture://historical/BOM-MAA/QP/2026-01-15,"INR 5,090.78",5090.78,4338.54,245,30.0,216.93,260.31,0.0,5090.78,ECONOMY,Saver
BOM,MAA,QP,Akasa,QP386,2026-01-18,05:25:00,07:22:00,7,2026-01-11,HISTORICAL,fixture_historical,fixture://historical/BOM-MAA/QP/2026-01-18,"INR 4,559.31",4559.31,3859.74,245,30.0,192.99,231.58,0.0,4559.31,ECONOMY,Saver
BOM,MAA,QP,Akasa,QP341,2026-01-21,20:25:00,22:07:00,15,2026-01-06,HISTORICAL,fixture_historical,fixture://historical/BOM-MAA/QP/2026-01-21,"INR 3,724.43",3724.43,3107.59,245,30.0,155.38,186.46,0.0,3724.43,ECONOMY,Saver
BOM,MAA,QP,Akasa,QP476,2026-01-24,14:55:00,17:10:00,30,2025-12-25,HISTORICAL,fixture_historical,fixture://historical/BOM-MAA/QP/2026-01-24,"INR 3,573.95",3573.95,2972.03,245,30.0,148.6,178.32,0.0,3573.95,ECONOMY,Saver
BOM,MAA,QP,Akasa,QP382,2026-01-27,08:05:00,10:33:00,45,2025-12-13,HISTORICAL,fixture_historical,fixture://historical/BOM-MAA/QP/2026-01-27,"INR 2,799.24",2799.24,2274.09,245,30.0,113.7,136.45,0.0,2799.24,ECONOMY,Saver
BOM,MAA,QP,Akasa,QP317,2026-01-30,17:55:00,20:41:00,1,2026-01-29,HISTORICAL,fixture_historical,fixture://historical/BOM-MAA/QP/2026-01-30,"INR 4,667.28",4667.28,3957.01,245,30.0,197.85,237.42,0.0,4667.28,ECONOMY,Saver
BOM,MAA,QP,Akasa,QP151,2026-02-02,19:25:00,21:26:00,7,2026-01-26,HISTORICAL,fixture_historical,fixture://historical/BOM-MAA/QP/2026-02-02,"INR 4,579.83",4579.83,3878.23,245,30.0,193.91,232.69,0.0,4579.83,ECONOMY,Saver
BOM,MAA,QP,Akasa,QP905,2026-02-05,16:15:00,17:53:00,15,2026-01-21,HISTORICAL,fixture_historical,fixture://historical/BOM-MAA/QP/2026-02-05,"INR 4,028.21",4028.21,3381.27,245,30.0,169.06,202.88,0.0,4028.21,ECONOMY,Saver
BOM,MAA,QP,Akasa,QP667,2026-02-08,08:50:00,10:47:00,30,2026-01-09,HISTORICAL,fixture_historical,fixture://historical/BOM-MAA/QP/2026-02-08,"INR 3,499.90",3499.9,2905.31,245,30.0,145.27,174.32,0.0,3499.9,ECONOMY,Saver
BOM,MAA,QP,Akasa,QP338,2026-02-11,10:10:00,12:56:00,45,2025-12-28,HISTORICAL,fixture_historical,fixture://historical/BOM-MAA/QP/2026-02-11,"INR 3,126.15",3126.15,2568.6,245,30.0,128.43,154.12,0.0,3126.15,ECONOMY,Saver
BOM,MAA,SG,SpiceJet,SG979,2026-01-15,07:10:00,09:49:00,1,2026-01-14,HISTORICAL,fixture_historical,fixture://historical/BOM-MAA/SG/2026-01-15,"INR 4,247.38",4247.38,3578.72,245,30.0,178.94,214.72,0.0,4247.38,ECONOMY,Saver
BOM,MAA,SG,SpiceJet,SG278,2026-01-18,06:55:00,08:28:00,7,2026-01-11,HISTORICAL,fixture_historical,fixture://historical/BOM-MAA/SG/2026-01-18,"INR 3,804.65",3804.65,3179.87,245,30.0,158.99,190.79,0.0,3804.65,ECONOMY,Saver
BOM,MAA,SG,SpiceJet,SG466,2026-01-21,19:15:00,22:00:00,15,2026-01-06,HISTORICAL,fixture_historical,fixture://historical/BOM-MAA/SG/2026-01-21,"INR 3,283.47",3283.47,2710.33,245,30.0,135.52,162.62,0.0,3283.47,ECONOMY,Saver
BOM,MAA,SG,SpiceJet,SG278,2026-01-24,09:00:00,10:46:00,30,2025-12-25,HISTORICAL,fixture_historical,fixture://historical/BOM-MAA/SG/2026-01-24,"INR 3,008.87",3008.87,2462.94,245,30.0,123.15,147.78,0.0,3008.87,ECONOMY,Saver
BOM,MAA,SG,SpiceJet,SG638,2026-01-27,06:05:00,08:35:00,45,2025-12-13,HISTORICAL,fixture_historical,fixture://historical/BOM-MAA/SG/2026-01-27,"INR 2,864.94",2864.94,2333.28,245,30.0,116.66,140.0,0.0,2864.94,ECONOMY,Saver
BOM,MAA,SG,SpiceJet,SG470,2026-01-30,14:50:00,16:33:00,1,2026-01-29,HISTORICAL,fixture_historical,fixture://historical/BOM-MAA/SG/2026-01-30,"INR 4,554.96",4554.96,3855.82,245,30.0,192.79,231.35,0.0,4554.96,ECONOMY,Saver
BOM,MAA,SG,SpiceJet,SG326,2026-02-02,16:00:00,18:54:00,7,2026-01-26,HISTORICAL,fixture_historical,fixture://historical/BOM-MAA/SG/2026-02-02,"INR 3,923.09",3923.09,3286.57,245,30.0,164.33,197.19,0.0,3923.09,ECONOMY,Saver
BOM,MAA,SG,SpiceJet,SG569,2026-02-05,17:00:00,18:37:00,15,2026-01-21,HISTORICAL,fixture_historical,fixture://historical/BOM-MAA/SG/2026-02-05,"INR 3,482.76",3482.76,2889.88,245,30.0,144.49,173.39,0.0,3482.76,ECONOMY,Saver
BOM,MAA,SG,SpiceJet,SG967,2026-02-08,11:30:00,14:27:00,30,2026-01-09,HISTORICAL,fixture_historical,fixture://historical/BOM-MAA/SG/2026-02-08,"INR 3,312.60",3312.6,2736.58,245,30.0,136.83,164.19,0.0,3312.6,ECONOMY,Saver
BOM,MAA,SG,SpiceJet,SG829,2026-02-11,13:05:00,14:45:00,45,2025-12-28,HISTORICAL,fixture_historical,fixture://historical/BOM-MAA/SG/2026-02-11,"INR 2,612.09",2612.09,2105.49,245,30.0,105.27,126.33,0.0,2612.09,ECONOMY,Saver
DEL,PNQ,6E,IndiGo,6E251,2026-01-15,06:10:00,08:15:00,1,2026-01-14,HISTORICAL,fixture_historical,fixture://historical/DEL-PNQ/6E/2026-01-15,"INR 6,976.91",6976.91,6033.25,250,30.0,301.66,362.0,0.0,6976.91,ECONOMY,Saver
DEL,PNQ,6E,IndiGo,6E699,2026-01-18,14:25:00,16:43:00,7,2026-01-11,HISTORICAL,fixture_historical,fixture://historical/DEL-PNQ/6E/2026-01-18,"INR 6,268.69",6268.69,5395.22,250,30.0,269.76,323.71,0.0,6268.69,ECONOMY,Saver
DEL,PNQ,6E,IndiGo,6E643,2026-01-21,09:40:00,12:14:00,15,2026-01-06,HISTORICAL,fixture_historical,fixture://historical/DEL-PNQ/6E/2026-01-21,"INR 5,790.09",5790.09,4964.05,250,30.0,248.2,297.84,0.0,5790.09,ECONOMY,Saver
DEL,PNQ,6E,IndiGo,6E201,2026-01-24,19:05:00,21:58:00,30,2025-12-25,HISTORICAL,fixture_historical,fixture://historical/DEL-PNQ/6E/2026-01-24,"INR 4,849.07",4849.07,4116.28,250,30.0,205.81,246.98,0.0,4849.07,ECONOMY,Saver
DEL,PNQ,6E,IndiGo,6E887,2026-01-27,14:15:00,16:40:00,45,2025-12-13,HISTORICAL,fixture_historical,fixture://historical/DEL-PNQ/6E/2026-01-27,"INR 4,358.85",4358.85,3674.64,250,30.0,183.73,220.48,0.0,4358.85,ECONOMY,Saver
DEL,PNQ,6E,IndiGo,6E333,2026-01-30,11:25:00,13:53:00,1,2026-01-29,HISTORICAL,fixture_historical,fixture://historical/DEL-PNQ/6E/2026-01-30,"INR 7,119.66",7119.66,6161.86,250,30.0,308.09,369.71,0.0,7119.66,ECONOMY,Saver
DEL,PNQ,6E,IndiGo,6E847,2026-02-02,06:25:00,08:49:00,7,2026-01-26,HISTORICAL,fixture_historical,fixture://historical/DEL-PNQ/6E/2026-02-02,"INR 6,056.76",6056.76,5204.29,250,30.0,260.21,312.26,0.0,6056.76,ECONOMY,Saver
DEL,PNQ,6E,IndiGo,6E361,2026-02-05,10:10:00,13:07:00,15,2026-01-21,HISTORICAL,fixture_historical,fixture://historical/DEL-PNQ/6E/2026-02-05,"INR 5,232.84",5232.84,4462.02,250,30.0,223.1,267.72,0.0,5232.84,ECONOMY,Saver
DEL,PNQ,6E,IndiGo,6E168,2026-02-08,06:05:00,07:46:00,30,2026-01-09,HISTORICAL,fixture_historical,fixture://historical/DEL-PNQ/6E/2026-02-08,"INR 5,077.38",5077.38,4321.96,250,30.0,216.1,259.32,0.0,5077.38,ECONOMY,Saver
DEL,PNQ,6E,IndiGo,6E862,2026-02-11,18:25:00,20:11:00,45,2025-12-28,HISTORICAL,fixture_historical,fixture://historical/DEL-PNQ/6E/2026-02-11,"INR 4,219.26",4219.26,3548.89,250,30.0,177.44,212.93,0.0,4219.26,ECONOMY,Saver
DEL,PNQ,AI,AirIndia,AI700,2026-01-15,14:45:00,16:57:00,1,2026-01-14,HISTORICAL,fixture_historical,fixture://historical/DEL-PNQ/AI/2026-01-15,"INR 8,626.32",8626.32,7519.21,250,30.0,375.96,451.15,0.0,8626.32,ECONOMY,Saver
DEL,PNQ,AI,AirIndia,AI520,2026-01-18,10:55:00,13:19:00,7,2026-01-11,HISTORICAL,fixture_historical,fixture://historical/DEL-PNQ/AI/2026-01-18,"INR 7,517.95",7517.95,6520.68,250,30.0,326.03,391.24,0.0,7517.95,ECONOMY,Saver
DEL,PNQ,AI,AirIndia,AI838,2026-01-21,05:20:00,08:06:00,15,2026-01-06,HISTORICAL,fixture_historical,fixture://historical/DEL-PNQ/AI/2026-01-21,"INR 6,768.07",6768.07,5845.1,250,30.0,292.26,350.71,0.0,6768.07,ECONOMY,Saver
DEL,PNQ,AI,AirIndia,AI206,2026-01-24,16:45:00,18:42:00,30,2025-12-25,HISTORICAL,fixture_historical,fixture://historical/DEL-PNQ/AI/2026-01-24,"INR 5,510.13",5510.13,4711.83,250,30.0,235.59,282.71,0.0,5510.13,ECONOMY,Saver
DEL,PNQ,AI,AirIndia,AI593,2026-01-27,08:05:00,10:19:00,45,2025-12-13,HISTORICAL,fixture_historical,fixture://historical/DEL-PNQ/AI/2026-01-27,"INR 4,795.19",4795.19,4067.74,250,30.0,203.39,244.06,0.0,4795.19,ECONOMY,Saver
DEL,PNQ,AI,AirIndia,AI476,2026-01-30,06:20:00,09:03:00,1,2026-01-29,HISTORICAL,fixture_historical,fixture://historical/DEL-PNQ/AI/2026-01-30,"INR 9,008.82",9008.82,7863.8,250,30.0,393.19,471.83,0.0,9008.82,ECONOMY,Saver
DEL,PNQ,AI,AirIndia,AI539,2026-02-02,20:45:00,23:34:00,7,2026-01-26,HISTORICAL,fixture_historical,fixture://historical/DEL-PNQ/AI/2026-02-02,"INR 7,017.55",7017.55,6069.87,250,30.0,303.49,364.19,0.0,7017.55,ECONOMY,Saver
DEL,PNQ,AI,AirIndia,AI758,2026-02-05,14:00:00,16:47:00,15,2026-01-21,HISTORICAL,fixture_historical,fixture://historical/DEL-PNQ/AI/2026-02-05,"INR 6,518.55",6518.55,5620.31,250,30.0,281.02,337.22,0.0,6518.55,ECONOMY,Saver
DEL,PNQ,AI,AirIndia,AI949,2026-02-08,18:20:00,19:53:00,30,2026-01-09,HISTORICAL,fixture_historical,fixture://historical/DEL-PNQ/AI/2026-02-08,"INR 6,042.11",6042.11,5191.09,250,30.0,259.55,311.47,0.0,6042.11,ECONOMY,Saver
DEL,PNQ,AI,AirIndia,AI819,2026-02-11,19:20:00,21:33:00,45,2025-12-28,HISTORICAL,fixture_historical,fixture://historical/DEL-PNQ/AI/2026-02-11,"INR 4,814.84",4814.84,4085.44,250,30.0,204.27,245.13,0.0,4814.84,ECONOMY,Saver
DEL,PNQ,IX,AirIndiaExpress,IX285,2026-01-15,20:10:00,22:52:00,1,2026-01-14,HISTORICAL,fixture_historical,fixture://historical/DEL-PNQ/IX/2026-01-15,"INR 6,672.35",6672.35,5758.88,250,30.0,287.94,345.53,0.0,6672.35,ECONOMY,Saver
DEL,PNQ,IX,AirIndiaExpress,IX171,2026-01-18,07:55:00,09:28:00,7,2026-01-11,HISTORICAL,fixture_historical,fixture://historical/DEL-PNQ/IX/2026-01-18,"INR 5,998.74",5998.74,5152.02,250,30.0,257.6,309.12,0.0,5998.74,ECONOMY,Saver
DEL,PNQ,IX,AirIndiaExpress,IX643,2026-01-21,08:30:00,10:53:00,15,2026-01-06,HISTORICAL,fixture_historical,fixture://historical/DEL-PNQ/IX/2026-01-21,"INR 4,813.86",4813.86,4084.56,250,30.0,204.23,245.07,0.0,4813.86,ECONOMY,Saver
DEL,PNQ,IX,AirIndiaExpress,IX261,2026-01-24,10:20:00,12:31:00,30,2025-12-25,HISTORICAL,fixture_historical,fixture://historical/DEL-PNQ/IX/2026-01-24,"INR 4,516.95",4516.95,3817.08,250,30.0,190.85,229.02,0.0,4516.95,ECONOMY,Saver
DEL,PNQ,IX,AirIndiaExpress,IX681,2026-01-27,16:05:00,17:41:00,45,2025-12-13,HISTORICAL,fixture_historical,fixture://historical/DEL-PNQ/IX/2026-01-27,"INR 4,231.13",4231.13,3559.58,250,30.0,177.98,213.57,0.0,4231.13,ECONOMY,Saver
DEL,PNQ,IX,AirIndiaExpress,IX872,2026-01-30,16:00:00,18:56:00,1,2026-01-29,HISTORICAL,fixture_historical,fixture://historical/DEL-PNQ/IX/2026-01-30,"INR 6,467.57",6467.57,5574.39,250,30.0,278.72,334.46,0.0,6467.57,ECONOMY,Saver
DEL,PNQ,IX,AirIndiaExpress,IX553,2026-02-02,17:30:00,20:02:00,7,2026-01-26,HISTORICAL,fixture_historical,fixture://historical/DEL-PNQ/IX/2026-02-02,"INR 5,484.85",5484.85,4689.06,250,30.0,234.45,281.34,0.0,5484.85,ECONOMY,Saver
DEL,PNQ,IX,AirIndiaExpress,IX524,2026-02-05,09:15:00,11:50:00,15,2026-01-21,HISTORICAL,fixture_historical,fixture://historical/DEL-PNQ/IX/2026-02-05,"INR 5,213.80",5213.8,4444.87,250,30.0,222.24,266.69,0.0,5213.8,ECONOMY,Saver
DEL,PNQ,IX,AirIndiaExpress,IX540,2026-02-08,06:20:00,09:16:00,30,2026-01-09,HISTORICAL,fixture_historical,fixture://historical/DEL-PNQ/IX/2026-02-08,"INR 4,284.86",4284.86,3607.98,250,30.0,180.4,216.48,0.0,4284.86,ECONOMY,Saver
DEL,PNQ,IX,AirIndiaExpress,IX598,2026-02-11,14:55:00,17:04:00,45,2025-12-28,HISTORICAL,fixture_historical,fixture://historical/DEL-PNQ/IX/2026-02-11,"INR 4,171.60",4171.6,3505.94,250,30.0,175.3,210.36,0.0,4171.6,ECONOMY,Saver
DEL,PNQ,QP,Akasa,QP504,2026-01-15,16:00:00,17:30:00,1,2026-01-14,HISTORICAL,fixture_historical,fixture://historical/DEL-PNQ/QP/2026-01-15,"INR 6,543.91",6543.91,5643.16,250,30.0,282.16,338.59,0.0,6543.91,ECONOMY,Saver
DEL,PNQ,QP,Akasa,QP316,2026-01-18,19:10:00,21:12:00,7,2026-01-11,HISTORICAL,fixture_historical,fixture://historical/DEL-PNQ/QP/2026-01-18,"INR 5,762.32",5762.32,4939.03,250,30.0,246.95,296.34,0.0,5762.32,ECONOMY,Saver
DEL,PNQ,QP,Akasa,QP222,2026-01-21,05:40:00,08:05:00,15,2026-01-06,HISTORICAL,fixture_historical,fixture://historical/DEL-PNQ/QP/2026-01-21,"INR 5,115.31",5115.31,4356.13,250,30.0,217.81,261.37,0.0,5115.31,ECONOMY,Saver
DEL,PNQ,QP,Akasa,QP489,2026-01-24,14:15:00,16:49:00,30,2025-12-25,HISTORICAL,fixture_historical,fixture://historical/DEL-PNQ/QP/2026-01-24,"INR 4,454.92",4454.92,3761.19,250,30.0,188.06,225.67,0.0,4454.92,ECONOMY,Saver
DEL,PNQ,QP,Akasa,QP784,2026-01-27,19:25:00,21:04:00,45,2025-12-13,HISTORICAL,fixture_historical,fixture://historical/DEL-PNQ/QP/2026-01-27,"INR 4,219.70",4219.7,3549.28,250,30.0,177.46,212.96,0.0,4219.7,ECONOMY,Saver
DEL,PNQ,QP,Akasa,QP859,2026-01-30,05:30:00,07:02:00,1,2026-01-29,HISTORICAL,fixture_historical,fixture://historical/DEL-PNQ/QP/2026-01-30,"INR 6,923.99",6923.99,5985.58,250,30.0,299.28,359.13,0.0,6923.99,ECONOMY,Saver
DEL,PNQ,QP,Akasa,QP179,2026-02-02,20:25:00,23:08:00,7,2026-01-26,HISTORICAL,fixture_historical,fixture://historical/DEL-PNQ/QP/2026-02-02,"INR 5,997.41",5997.41,5150.82,250,30.0,257.54,309.05,0.0,5997.41,ECONOMY,Saver
DEL,PNQ,QP,Akasa,QP514,2026-02-05,18:55:00,21:18:00,15,2026-01-21,HISTORICAL,fixture_historical,fixture://historical/DEL-PNQ/QP/2026-02-05,"INR 5,227.26",5227.26,4456.99,250,30.0,222.85,267.42,0.0,5227.26,ECONOMY,Saver
DEL,PNQ,QP,Akasa,QP514,2026-02-08,05:25:00,07:16:00,30,2026-01-09,HISTORICAL,fixture_historical,fixture://historical/DEL-PNQ/QP/2026-02-08,"INR 4,535.12",4535.12,3833.44,250,30.0,191.67,230.01,0.0,4535.12,ECONOMY,Saver
DEL,PNQ,QP,Akasa,QP732,2026-02-11,13:25:00,15:06:00,45,2025-12-28,HISTORICAL,fixture_historical,fixture://historical/DEL-PNQ/QP/2026-02-11,"INR 4,371.20",4371.2,3685.76,250,30.0,184.29,221.15,0.0,4371.2,ECONOMY,Saver
DEL,PNQ,SG,SpiceJet,SG208,2026-01-15,08:30:00,11:15:00,1,2026-01-14,HISTORICAL,fixture_historical,fixture://historical/DEL-PNQ/SG/2026-01-15,"INR 6,420.97",6420.97,5532.41,250,30.0,276.62,331.94,0.0,6420.97,ECONOMY,Saver
DEL,PNQ,SG,SpiceJet,SG180,2026-01-18,11:20:00,13:33:00,7,2026-01-11,HISTORICAL,fixture_historical,fixture://historical/DEL-PNQ/SG/2026-01-18,"INR 5,480.54",5480.54,4685.17,250,30.0,234.26,281.11,0.0,5480.54,ECONOMY,Saver
DEL,PNQ,SG,SpiceJet,SG897,2026-01-21,07:05:00,09:40:00,15,2026-01-06,HISTORICAL,fixture_historical,fixture://historical/DEL-PNQ/SG/2026-01-21,"INR 4,670.68",4670.68,3955.57,250,30.0,197.78,237.33,0.0,4670.68,ECONOMY,Saver
DEL,PNQ,SG,SpiceJet,SG643,2026-01-24,14:15:00,16:29:00,30,2025-12-25,HISTORICAL,fixture_historical,fixture://historical/DEL-PNQ/SG/2026-01-24,"INR 4,410.15",4410.15,3720.86,250,30.0,186.04,223.25,0.0,4410.15,ECONOMY,Saver
DEL,PNQ,SG,SpiceJet,SG938,2026-01-27,17:10:00,19:10:00,45,2025-12-13,HISTORICAL,fixture_historical,fixture://historical/DEL-PNQ/SG/2026-01-27,"INR 3,779.02",3779.02,3152.27,250,30.0,157.61,189.14,0.0,3779.02,ECONOMY,Saver
DEL,PNQ,SG,SpiceJet,SG362,2026-01-30,08:10:00,10:57:00,1,2026-01-29,HISTORICAL,fixture_historical,fixture://historical/DEL-PNQ/SG/2026-01-30,"INR 6,089.53",6089.53,5233.81,250,30.0,261.69,314.03,0.0,6089.53,ECONOMY,Saver
DEL,PNQ,SG,SpiceJet,SG877,2026-02-02,17:05:00,18:57:00,7,2026-01-26,HISTORICAL,fixture_historical,fixture://historical/DEL-PNQ/SG/2026-02-02,"INR 5,271.19",5271.19,4496.57,250,30.0,224.83,269.79,0.0,5271.19,ECONOMY,Saver
DEL,PNQ,SG,SpiceJet,SG743,2026-02-05,13:40:00,16:22:00,15,2026-01-21,HISTORICAL,fixture_historical,fixture://historical/DEL-PNQ/SG/2026-02-05,"INR 5,207.23",5207.23,4438.94,250,30.0,221.95,266.34,0.0,5207.23,ECONOMY,Saver
DEL,PNQ,SG,SpiceJet,SG559,2026-02-08,17:50:00,20:42:00,30,2026-01-09,HISTORICAL,fixture_historical,fixture://historical/DEL-PNQ/SG/2026-02-08,"INR 4,492.10",4492.1,3794.69,250,30.0,189.73,227.68,0.0,4492.1,ECONOMY,Saver
DEL,PNQ,SG,SpiceJet,SG739,2026-02-11,10:55:00,13:05:00,45,2025-12-28,HISTORICAL,fixture_historical,fixture://historical/DEL-PNQ/SG/2026-02-11,"INR 3,942.01",3942.01,3299.1,250,30.0,164.96,197.95,0.0,3942.01,ECONOMY,Saver
DEL,PAT,6E,IndiGo,6E169,2026-01-15,13:40:00,16:30:00,1,2026-01-14,HISTORICAL,fixture_historical,fixture://historical/DEL-PAT/6E/2026-01-15,"INR 5,656.30",5656.3,4843.51,250,30.0,242.18,290.61,0.0,5656.3,ECONOMY,Saver
DEL,PAT,6E,IndiGo,6E381,2026-01-18,16:00:00,18:15:00,7,2026-01-11,HISTORICAL,fixture_historical,fixture://historical/DEL-PAT/6E/2026-01-18,"INR 4,977.67",4977.67,4232.13,250,30.0,211.61,253.93,0.0,4977.67,ECONOMY,Saver
DEL,PAT,6E,IndiGo,6E417,2026-01-21,13:40:00,15:14:00,15,2026-01-06,HISTORICAL,fixture_historical,fixture://historical/DEL-PAT/6E/2026-01-21,"INR 4,502.95",4502.95,3804.46,250,30.0,190.22,228.27,0.0,4502.95,ECONOMY,Saver
DEL,PAT,6E,IndiGo,6E951,2026-01-24,09:05:00,11:57:00,30,2025-12-25,HISTORICAL,fixture_historical,fixture://historical/DEL-PAT/6E/2026-01-24,"INR 3,728.69",3728.69,3106.92,250,30.0,155.35,186.42,0.0,3728.69,ECONOMY,Saver
DEL,PAT,6E,IndiGo,6E975,2026-01-27,06:50:00,09:36:00,45,2025-12-13,HISTORICAL,fixture_historical,fixture://historical/DEL-PAT/6E/2026-01-27,"INR 3,761.78",3761.78,3136.74,250,30.0,156.84,188.2,0.0,3761.78,ECONOMY,Saver
DEL,PAT,6E,IndiGo,6E573,2026-01-30,16:45:00,18:20:00,1,2026-01-29,HISTORICAL,fixture_historical,fixture://historical/DEL-PAT/6E/2026-01-30,"INR 5,980.74",5980.74,5135.8,250,30.0,256.79,308.15,0.0,5980.74,ECONOMY,Saver
DEL,PAT,6E,IndiGo,6E929,2026-02-02,16:55:00,18:49:00,7,2026-01-26,HISTORICAL,fixture_historical,fixture://historical/DEL-PAT/6E/2026-02-02,"INR 5,091.68",5091.68,4334.85,250,30.0,216.74,260.09,0.0,5091.68,ECONOMY,Saver
DEL,PAT,6E,IndiGo,6E587,2026-02-05,14:10:00,15:47:00,15,2026-01-21,HISTORICAL,fixture_historical,fixture://historical/DEL-PAT/6E/2026-02-05,"INR 4,377.55",4377.55,3691.49,250,30.0,184.57,221.49,0.0,4377.55,ECONOMY,Saver
DEL,PAT,6E,IndiGo,6E930,2026-02-08,20:25:00,22:05:00,30,2026-01-09,HISTORICAL,fixture_historical,fixture://historical/DEL-PAT/6E/2026-02-08,"INR 3,962.46",3962.46,3317.53,250,30.0,165.88,199.05,0.0,3962.46,ECONOMY,Saver
DEL,PAT,6E,IndiGo,6E276,2026-02-11,05:15:00,08:15:00,45,2025-12-28,HISTORICAL,fixture_historical,fixture://historical/DEL-PAT/6E/2026-02-11,"INR 3,572.44",3572.44,2966.16,250,30.0,148.31,177.97,0.0,3572.44,ECONOMY,Saver
DEL,PAT,AI,AirIndia,AI549,2026-01-15,14:45:00,17:33:00,1,2026-01-14,HISTORICAL,fixture_historical,fixture://historical/DEL-PAT/AI/2026-01-15,"INR 7,045.10",7045.1,6094.69,250,30.0,304.73,365.68,0.0,7045.1,ECONOMY,Saver
DEL,PAT,AI,AirIndia,AI481,2026-01-18,09:30:00,11:52:00,7,2026-01-11,HISTORICAL,fixture_historical,fixture://historical/DEL-PAT/AI/2026-01-18,"INR 5,783.01",5783.01,4957.67,250,30.0,247.88,297.46,0.0,5783.01,ECONOMY,Saver
DEL,PAT,AI,AirIndia,AI795,2026-01-21,16:00:00,18:50:00,15,2026-01-06,HISTORICAL,fixture_historical,fixture://historical/DEL-PAT/AI/2026-01-21,"INR 5,563.88",5563.88,4760.25,250,30.0,238.01,285.62,0.0,5563.88,ECONOMY,Saver
DEL,PAT,AI,AirIndia,AI167,2026-01-24,10:05:00,12:46:00,30,2025-12-25,HISTORICAL,fixture_historical,fixture://historical/DEL-PAT/AI/2026-01-24,"INR 4,839.19",4839.19,4107.38,250,30.0,205.37,246.44,0.0,4839.19,ECONOMY,Saver
DEL,PAT,AI,AirIndia,AI390,2026-01-27,09:55:00,12:42:00,45,2025-12-13,HISTORICAL,fixture_historical,fixture://historical/DEL-PAT/AI/2026-01-27,"INR 4,340.73",4340.73,3658.31,250,30.0,182.92,219.5,0.0,4340.73,ECONOMY,Saver
DEL,PAT,AI,AirIndia,AI441,2026-01-30,06:50:00,09:44:00,1,2026-01-29,HISTORICAL,fixture_historical,fixture://historical/DEL-PAT/AI/2026-01-30,"INR 7,521.27",7521.27,6523.67,250,30.0,326.18,391.42,0.0,7521.27,ECONOMY,Saver
DEL,PAT,AI,AirIndia,AI458,2026-02-02,09:55:00,12:54:00,7,2026-01-26,HISTORICAL,fixture_historical,fixture://historical/DEL-PAT/AI/2026-02-02,"INR 5,766.89",5766.89,4943.14,250,30.0,247.16,296.59,0.0,5766.89,ECONOMY,Saver
DEL,PAT,AI,AirIndia,AI232,2026-02-05,16:05:00,18:14:00,15,2026-01-21,HISTORICAL,fixture_historical,fixture://historical/DEL-PAT/AI/2026-02-05,"INR 5,472.90",5472.9,4678.29,250,30.0,233.91,280.7,0.0,5472.9,ECONOMY,Saver
DEL,PAT,AI,AirIndia,AI758,2026-02-08,19:25:00,21:11:00,30,2026-01-09,HISTORICAL,fixture_historical,fixture://historical/DEL-PAT/AI/2026-02-08,"INR 4,776.20",4776.2,4050.63,250,30.0,202.53,243.04,0.0,4776.2,ECONOMY,Saver
DEL,PAT,AI,AirIndia,AI948,2026-02-11,18:55:00,21:32:00,45,2025-12-28,HISTORICAL,fixture_historical,fixture://historical/DEL-PAT/AI/2026-02-11,"INR 4,335.51",4335.51,3653.61,250,30.0,182.68,219.22,0.0,4335.51,ECONOMY,Saver
DEL,PAT,IX,AirIndiaExpress,IX786,2026-01-15,11:45:00,14:01:00,1,2026-01-14,HISTORICAL,fixture_historical,fixture://historical/DEL-PAT/IX/2026-01-15,"INR 5,337.70",5337.7,4556.49,250,30.0,227.82,273.39,0.0,5337.7,ECONOMY,Saver
DEL,PAT,IX,AirIndiaExpress,IX416,2026-01-18,07:15:00,09:28:00,7,2026-01-11,HISTORICAL,fixture_historical,fixture://historical/DEL-PAT/IX/2026-01-18,"INR 4,532.95",4532.95,3831.49,250,30.0,191.57,229.89,0.0,4532.95,ECONOMY,Saver
DEL,PAT,IX,AirIndiaExpress,IX597,2026-01-21,08:15:00,10:02:00,15,2026-01-06,HISTORICAL,fixture_historical,fixture://historical/DEL-PAT/IX/2026-01-21,"INR 4,574.11",4574.11,3868.57,250,30.0,193.43,232.11,0.0,4574.11,ECONOMY,Saver
DEL,PAT,IX,AirIndiaExpress,IX402,2026-01-24,20:05:00,22:39:00,30,2025-12-25,HISTORICAL,fixture_historical,fixture://historical/DEL-PAT/IX/2026-01-24,"INR 3,611.56",3611.56,3001.41,250,30.0,150.07,180.08,0.0,3611.56,ECONOMY,Saver
DEL,PAT,IX,AirIndiaExpress,IX955,2026-01-27,18:45:00,20:19:00,45,2025-12-13,HISTORICAL,fixture_historical,fixture://historical/DEL-PAT/IX/2026-01-27,"INR 3,541.00",3541.0,2937.84,250,30.0,146.89,176.27,0.0,3541.0,ECONOMY,Saver
DEL,PAT,IX,AirIndiaExpress,IX997,2026-01-30,19:50:00,21:36:00,1,2026-01-29,HISTORICAL,fixture_historical,fixture://historical/DEL-PAT/IX/2026-01-30,"INR 5,829.75",5829.75,4999.77,250,30.0,249.99,299.99,0.0,5829.75,ECONOMY,Saver
DEL,PAT,IX,AirIndiaExpress,IX257,2026-02-02,07:10:00,10:08:00,7,2026-01-26,HISTORICAL,fixture_historical,fixture://historical/DEL-PAT/IX/2026-02-02,"INR 4,959.86",4959.86,4216.09,250,30.0,210.8,252.97,0.0,4959.86,ECONOMY,Saver
DEL,PAT,IX,AirIndiaExpress,IX928,2026-02-05,07:40:00,09:15:00,15,2026-01-21,HISTORICAL,fixture_historical,fixture://historical/DEL-PAT/IX/2026-02-05,"INR 4,460.92",4460.92,3766.59,250,30.0,188.33,226.0,0.0,4460.92,ECONOMY,Saver
DEL,PAT,IX,AirIndiaExpress,IX792,2026-02-08,18:15:00,20:41:00,30,2026-01-09,HISTORICAL,fixture_historical,fixture://historical/DEL-PAT/IX/2026-02-08,"INR 3,755.95",3755.95,3131.49,250,30.0,156.57,187.89,0.0,3755.95,ECONOMY,Saver
DEL,PAT,IX,AirIndiaExpress,IX870,2026-02-11,18:40:00,20:39:00,45,2025-12-28,HISTORICAL,fixture_historical,fixture://historical/DEL-PAT/IX/2026-02-11,"INR 3,460.85",3460.85,2865.63,250,30.0,143.28,171.94,0.0,3460.85,ECONOMY,Saver
DEL,PAT,QP,Akasa,QP416,2026-01-15,19:40:00,21:34:00,1,2026-01-14,HISTORICAL,fixture_historical,fixture://historical/DEL-PAT/QP/2026-01-15,"INR 5,890.79",5890.79,5054.76,250,30.0,252.74,303.29,0.0,5890.79,ECONOMY,Saver
DEL,PAT,QP,Akasa,QP684,2026-01-18,13:40:00,15:46:00,7,2026-01-11,HISTORICAL,fixture_historical,fixture://historical/DEL-PAT/QP/2026-01-18,"INR 4,933.16",4933.16,4192.04,250,30.0,209.6,251.52,0.0,4933.16,ECONOMY,Saver
DEL,PAT,QP,Akasa,QP614,2026-01-21,14:30:00,16:20:00,15,2026-01-06,HISTORICAL,fixture_historical,fixture://historical/DEL-PAT/QP/2026-01-21,"INR 4,597.59",4597.59,3889.72,250,30.0,194.49,233.38,0.0,4597.59,ECONOMY,Saver
DEL,PAT,QP,Akasa,QP920,2026-01-24,16:10:00,18:12:00,30,2025-12-25,HISTORICAL,fixture_historical,fixture://historical/DEL-PAT/QP/2026-01-24,"INR 4,102.04",4102.04,3443.28,250,30.0,172.16,206.6,0.0,4102.04,ECONOMY,Saver
DEL,PAT,QP,Akasa,QP592,2026-01-27,20:25:00,23:05:00,45,2025-12-13,HISTORICAL,fixture_historical,fixture://historical/DEL-PAT/QP/2026-01-27,"INR 3,273.22",3273.22,2696.59,250,30.0,134.83,161.8,0.0,3273.22,ECONOMY,Saver
DEL,PAT,QP,Akasa,QP828,2026-01-30,20:45:00,22:30:00,1,2026-01-29,HISTORICAL,fixture_historical,fixture://historical/DEL-PAT/QP/2026-01-30,"INR 6,248.18",6248.18,5376.74,250,30.0,268.84,322.6,0.0,6248.18,ECONOMY,Saver
DEL,PAT,QP,Akasa,QP881,2026-02-02,07:20:00,09:47:00,7,2026-01-26,HISTORICAL,fixture_historical,fixture://historical/DEL-PAT/QP/2026-02-02,"INR 4,870.21",4870.21,4135.32,250,30.0,206.77,248.12,0.0,4870.21,ECONOMY,Saver
DEL,PAT,QP,Akasa,QP250,2026-02-05,20:30:00,22:11:00,15,2026-01-21,HISTORICAL,fixture_historical,fixture://historical/DEL-PAT/QP/2026-02-05,"INR 4,681.71",4681.71,3965.5,250,30.0,198.28,237.93,0.0,4681.71,ECONOMY,Saver
DEL,PAT,QP,Akasa,QP327,2026-02-08,20:40:00,22:54:00,30,2026-01-09,HISTORICAL,fixture_historical,fixture://historical/DEL-PAT/QP/2026-02-08,"INR 4,177.42",4177.42,3511.19,250,30.0,175.56,210.67,0.0,4177.42,ECONOMY,Saver
DEL,PAT,QP,Akasa,QP524,2026-02-11,05:30:00,08:04:00,45,2025-12-28,HISTORICAL,fixture_historical,fixture://historical/DEL-PAT/QP/2026-02-11,"INR 3,726.31",3726.31,3104.78,250,30.0,155.24,186.29,0.0,3726.31,ECONOMY,Saver
DEL,PAT,SG,SpiceJet,SG495,2026-01-15,06:25:00,08:23:00,1,2026-01-14,HISTORICAL,fixture_historical,fixture://historical/DEL-PAT/SG/2026-01-15,"INR 5,301.51",5301.51,4523.89,250,30.0,226.19,271.43,0.0,5301.51,ECONOMY,Saver
DEL,PAT,SG,SpiceJet,SG201,2026-01-18,20:55:00,23:07:00,7,2026-01-11,HISTORICAL,fixture_historical,fixture://historical/DEL-PAT/SG/2026-01-18,"INR 4,316.08",4316.08,3636.1,250,30.0,181.81,218.17,0.0,4316.08,ECONOMY,Saver
DEL,PAT,SG,SpiceJet,SG240,2026-01-21,05:20:00,07:50:00,15,2026-01-06,HISTORICAL,fixture_historical,fixture://historical/DEL-PAT/SG/2026-01-21,"INR 4,253.18",4253.18,3579.44,250,30.0,178.97,214.77,0.0,4253.18,ECONOMY,Saver
DEL,PAT,SG,SpiceJet,SG242,2026-01-24,19:40:00,22:07:00,30,2025-12-25,HISTORICAL,fixture_historical,fixture://historical/DEL-PAT/SG/2026-01-24,"INR 3,725.46",3725.46,3104.02,250,30.0,155.2,186.24,0.0,3725.46,ECONOMY,Saver
DEL,PAT,SG,SpiceJet,SG181,2026-01-27,05:20:00,07:17:00,45,2025-12-13,HISTORICAL,fixture_historical,fixture://historical/DEL-PAT/SG/2026-01-27,"INR 3,295.68",3295.68,2716.83,250,30.0,135.84,163.01,0.0,3295.68,ECONOMY,Saver
DEL,PAT,SG,SpiceJet,SG661,2026-01-30,18:50:00,21:27:00,1,2026-01-29,HISTORICAL,fixture_historical,fixture://historical/DEL-PAT/SG/2026-01-30,"INR 5,679.53",5679.53,4864.44,250,30.0,243.22,291.87,0.0,5679.53,ECONOMY,Saver
DEL,PAT,SG,SpiceJet,SG894,2026-02-02,09:15:00,11:23:00,7,2026-01-26,HISTORICAL,fixture_historical,fixture://historical/DEL-PAT/SG/2026-02-02,"INR 4,592.03",4592.03,3884.71,250,30.0,194.24,233.08,0.0,4592.03,ECONOMY,Saver
DEL,PAT,SG,SpiceJet,SG344,2026-02-05,11:55:00,14:44:00,15,2026-01-21,HISTORICAL,fixture_historical,fixture://historical/DEL-PAT/SG/2026-02-05,"INR 3,846.51",3846.51,3213.08,250,30.0,160.65,192.78,0.0,3846.51,ECONOMY,Saver
DEL,PAT,SG,SpiceJet,SG213,2026-02-08,20:40:00,23:26:00,30,2026-01-09,HISTORICAL,fixture_historical,fixture://historical/DEL-PAT/SG/2026-02-08,"INR 3,597.74",3597.74,2988.95,250,30.0,149.45,179.34,0.0,3597.74,ECONOMY,Saver
DEL,PAT,SG,SpiceJet,SG747,2026-02-11,14:50:00,16:50:00,45,2025-12-28,HISTORICAL,fixture_historical,fixture://historical/DEL-PAT/SG/2026-02-11,"INR 3,258.12",3258.12,2682.99,250,30.0,134.15,160.98,0.0,3258.12,ECONOMY,Saver
BOM,COK,6E,IndiGo,6E398,2026-01-15,11:00:00,13:48:00,1,2026-01-14,HISTORICAL,fixture_historical,fixture://historical/BOM-COK/6E/2026-01-15,"INR 5,703.14",5703.14,4890.22,245,30.0,244.51,293.41,0.0,5703.14,ECONOMY,Saver
BOM,COK,6E,IndiGo,6E684,2026-01-18,11:10:00,14:05:00,7,2026-01-11,HISTORICAL,fixture_historical,fixture://historical/BOM-COK/6E/2026-01-18,"INR 4,637.53",4637.53,3930.21,245,30.0,196.51,235.81,0.0,4637.53,ECONOMY,Saver
BOM,COK,6E,IndiGo,6E636,2026-01-21,10:05:00,12:42:00,15,2026-01-06,HISTORICAL,fixture_historical,fixture://historical/BOM-COK/6E/2026-01-21,"INR 4,264.56",4264.56,3594.2,245,30.0,179.71,215.65,0.0,4264.56,ECONOMY,Saver
BOM,COK,6E,IndiGo,6E905,2026-01-24,14:45:00,16:17:00,30,2025-12-25,HISTORICAL,fixture_historical,fixture://historical/BOM-COK/6E/2026-01-24,"INR 3,717.91",3717.91,3101.72,245,30.0,155.09,186.1,0.0,3717.91,ECONOMY,Saver
BOM,COK,6E,IndiGo,6E581,2026-01-27,05:55:00,08:14:00,45,2025-12-13,HISTORICAL,fixture_historical,fixture://historical/BOM-COK/6E/2026-01-27,"INR 3,252.19",3252.19,2682.15,245,30.0,134.11,160.93,0.0,3252.19,ECONOMY,Saver
BOM,COK,6E,IndiGo,6E359,2026-01-30,18:00:00,20:15:00,1,2026-01-29,HISTORICAL,fixture_historical,fixture://historical/BOM-COK/6E/2026-01-30,"INR 5,923.42",5923.42,5088.67,245,30.0,254.43,305.32,0.0,5923.42,ECONOMY,Saver
BOM,COK,6E,IndiGo,6E453,2026-02-02,08:55:00,11:45:00,7,2026-01-26,HISTORICAL,fixture_historical,fixture://historical/BOM-COK/6E/2026-02-02,"INR 4,949.00",4949.0,4210.81,245,30.0,210.54,252.65,0.0,4949.0,ECONOMY,Saver
BOM,COK,6E,IndiGo,6E695,2026-02-05,18:25:00,20:12:00,15,2026-01-21,HISTORICAL,fixture_historical,fixture://historical/BOM-COK/6E/2026-02-05,"INR 3,913.63",3913.63,3278.05,245,30.0,163.9,196.68,0.0,3913.63,ECONOMY,Saver
BOM,COK,6E,IndiGo,6E659,2026-02-08,10:55:00,12:47:00,30,2026-01-09,HISTORICAL,fixture_historical,fixture://historical/BOM-COK/6E/2026-02-08,"INR 3,444.55",3444.55,2855.45,245,30.0,142.77,171.33,0.0,3444.55,ECONOMY,Saver
BOM,COK,6E,IndiGo,6E801,2026-02-11,13:40:00,16:30:00,45,2025-12-28,HISTORICAL,fixture_historical,fixture://historical/BOM-COK/6E/2026-02-11,"INR 3,465.49",3465.49,2874.31,245,30.0,143.72,172.46,0.0,3465.49,ECONOMY,Saver
BOM,COK,AI,AirIndia,AI238,2026-01-15,06:40:00,08:14:00,1,2026-01-14,HISTORICAL,fixture_historical,fixture://historical/BOM-COK/AI/2026-01-15,"INR 6,248.76",6248.76,5381.76,245,30.0,269.09,322.91,0.0,6248.76,ECONOMY,Saver
BOM,COK,AI,AirIndia,AI144,2026-01-18,19:15:00,20:50:00,7,2026-01-11,HISTORICAL,fixture_historical,fixture://historical/BOM-COK/AI/2026-01-18,"INR 5,459.11",5459.11,4670.37,245,30.0,233.52,280.22,0.0,5459.11,ECONOMY,Saver
BOM,COK,AI,AirIndia,AI417,2026-01-21,14:30:00,17:09:00,15,2026-01-06,HISTORICAL,fixture_historical,fixture://historical/BOM-COK/AI/2026-01-21,"INR 4,799.44",4799.44,4076.08,245,30.0,203.8,244.56,0.0,4799.44,ECONOMY,Saver
BOM,COK,AI,AirIndia,AI137,2026-01-24,19:55:00,21:49:00,30,2025-12-25,HISTORICAL,fixture_historical,fixture://historical/BOM-COK/AI/2026-01-24,"INR 4,360.10",4360.1,3680.27,245,30.0,184.01,220.82,0.0,4360.1,ECONOMY,Saver
BOM,COK,AI,AirIndia,AI982,2026-01-27,19:00:00,21:53:00,45,2025-12-13,HISTORICAL,fixture_historical,fixture://historical/BOM-COK/AI/2026-01-27,"INR 3,786.91",3786.91,3163.89,245,30.0,158.19,189.83,0.0,3786.91,ECONOMY,Saver
BOM,COK,AI,AirIndia,AI227,2026-01-30,19:25:00,21:50:00,1,2026-01-29,HISTORICAL,fixture_historical,fixture://historical/BOM-COK/AI/2026-01-30,"INR 6,399.45",6399.45,5517.52,245,30.0,275.88,331.05,0.0,6399.45,ECONOMY,Saver
BOM,COK,AI,AirIndia,AI861,2026-02-02,13:30:00,15:43:00,7,2026-01-26,HISTORICAL,fixture_historical,fixture://historical/BOM-COK/AI/2026-02-02,"INR 5,970.41",5970.41,5131.0,245,30.0,256.55,307.86,0.0,5970.41,ECONOMY,Saver
BOM,COK,AI,AirIndia,AI608,2026-02-05,18:40:00,20:57:00,15,2026-01-21,HISTORICAL,fixture_historical,fixture://historical/BOM-COK/AI/2026-02-05,"INR 5,290.36",5290.36,4518.34,245,30.0,225.92,271.1,0.0,5290.36,ECONOMY,Saver
BOM,COK,AI,AirIndia,AI631,2026-02-08,09:05:00,11:29:00,30,2026-01-09,HISTORICAL,fixture_historical,fixture://historical/BOM-COK/AI/2026-02-08,"INR 4,656.09",4656.09,3946.92,245,30.0,197.35,236.82,0.0,4656.09,ECONOMY,Saver
BOM,COK,AI,AirIndia,AI716,2026-02-11,20:10:00,22:49:00,45,2025-12-28,HISTORICAL,fixture_historical,fixture://historical/BOM-COK/AI/2026-02-11,"INR 3,666.37",3666.37,3055.29,245,30.0,152.76,183.32,0.0,3666.37,ECONOMY,Saver
BOM,COK,IX,AirIndiaExpress,IX205,2026-01-15,06:25:00,09:19:00,1,2026-01-14,HISTORICAL,fixture_historical,fixture://historical/BOM-COK/IX/2026-01-15,"INR 5,093.10",5093.1,4340.63,245,30.0,217.03,260.44,0.0,5093.1,ECONOMY,Saver
BOM,COK,IX,AirIndiaExpress,IX556,2026-01-18,16:30:00,18:21:00,7,2026-01-11,HISTORICAL,fixture_historical,fixture://historical/BOM-COK/IX/2026-01-18,"INR 4,380.58",4380.58,3698.72,245,30.0,184.94,221.92,0.0,4380.58,ECONOMY,Saver
BOM,COK,IX,AirIndiaExpress,IX459,2026-01-21,13:00:00,15:15:00,15,2026-01-06,HISTORICAL,fixture_historical,fixture://historical/BOM-COK/IX/2026-01-21,"INR 4,077.81",4077.81,3425.95,245,30.0,171.3,205.56,0.0,4077.81,ECONOMY,Saver
BOM,COK,IX,AirIndiaExpress,IX545,2026-01-24,09:55:00,11:32:00,30,2025-12-25,HISTORICAL,fixture_historical,fixture://historical/BOM-COK/IX/2026-01-24,"INR 3,582.55",3582.55,2979.77,245,30.0,148.99,178.79,0.0,3582.55,ECONOMY,Saver
BOM,COK,IX,AirIndiaExpress,IX752,2026-01-27,11:25:00,14:00:00,45,2025-12-13,HISTORICAL,fixture_historical,fixture://historical/BOM-COK/IX/2026-01-27,"INR 2,958.05",2958.05,2417.16,245,30.0,120.86,145.03,0.0,2958.05,ECONOMY,Saver
BOM,COK,IX,AirIndiaExpress,IX795,2026-01-30,07:00:00,08:48:00,1,2026-01-29,HISTORICAL,fixture_historical,fixture://historical/BOM-COK/IX/2026-01-30,"INR 5,497.55",5497.55,4705.0,245,30.0,235.25,282.3,0.0,5497.55,ECONOMY,Saver
BOM,COK,IX,AirIndiaExpress,IX794,2026-02-02,19:40:00,21:14:00,7,2026-01-26,HISTORICAL,fixture_historical,fixture://historical/BOM-COK/IX/2026-02-02,"INR 4,756.14",4756.14,4037.07,245,30.0,201.85,242.22,0.0,4756.14,ECONOMY,Saver
BOM,COK,IX,AirIndiaExpress,IX341,2026-02-05,19:55:00,22:11:00,15,2026-01-21,HISTORICAL,fixture_historical,fixture://historical/BOM-COK/IX/2026-02-05,"INR 3,745.03",3745.03,3126.15,245,30.0,156.31,187.57,0.0,3745.03,ECONOMY,Saver
BOM,COK,IX,AirIndiaExpress,IX680,2026-02-08,05:50:00,07:39:00,30,2026-01-09,HISTORICAL,fixture_historical,fixture://historical/BOM-COK/IX/2026-02-08,"INR 3,451.22",3451.22,2861.46,245,30.0,143.07,171.69,0.0,3451.22,ECONOMY,Saver
BOM,COK,IX,AirIndiaExpress,IX479,2026-02-11,10:40:00,12:19:00,45,2025-12-28,HISTORICAL,fixture_historical,fixture://historical/BOM-COK/IX/2026-02-11,"INR 3,236.26",3236.26,2667.8,245,30.0,133.39,160.07,0.0,3236.26,ECONOMY,Saver
BOM,COK,QP,Akasa,QP642,2026-01-15,10:30:00,12:40:00,1,2026-01-14,HISTORICAL,fixture_historical,fixture://historical/BOM-COK/QP/2026-01-15,"INR 5,475.65",5475.65,4685.27,245,30.0,234.26,281.12,0.0,5475.65,ECONOMY,Saver
BOM,COK,QP,Akasa,QP355,2026-01-18,06:00:00,07:53:00,7,2026-01-11,HISTORICAL,fixture_historical,fixture://historical/BOM-COK/QP/2026-01-18,"INR 4,758.16",4758.16,4038.89,245,30.0,201.94,242.33,0.0,4758.16,ECONOMY,Saver
BOM,COK,QP,Akasa,QP496,2026-01-21,14:05:00,16:08:00,15,2026-01-06,HISTORICAL,fixture_historical,fixture://historical/BOM-COK/QP/2026-01-21,"INR 4,081.72",4081.72,3429.48,245,30.0,171.47,205.77,0.0,4081.72,ECONOMY,Saver
BOM,COK,QP,Akasa,QP820,2026-01-24,13:15:00,16:03:00,30,2025-12-25,HISTORICAL,fixture_historical,fixture://historical/BOM-COK/QP/2026-01-24,"INR 3,772.82",3772.82,3151.19,245,30.0,157.56,189.07,0.0,3772.82,ECONOMY,Saver
BOM,COK,QP,Akasa,QP602,2026-01-27,08:05:00,09:52:00,45,2025-12-13,HISTORICAL,fixture_historical,fixture://historical/BOM-COK/QP/2026-01-27,"INR 3,142.81",3142.81,2583.61,245,30.0,129.18,155.02,0.0,3142.81,ECONOMY,Saver
BOM,COK,QP,Akasa,QP562,2026-01-30,07:40:00,09:21:00,1,2026-01-29,HISTORICAL,fixture_historical,fixture://historical/BOM-COK/QP/2026-01-30,"INR 5,705.00",5705.0,4891.9,245,30.0,244.59,293.51,0.0,5705.0,ECONOMY,Saver
BOM,COK,QP,Akasa,QP965,2026-02-02,10:55:00,13:09:00,7,2026-01-26,HISTORICAL,fixture_historical,fixture://historical/BOM-COK/QP/2026-02-02,"INR 4,870.92",4870.92,4140.47,245,30.0,207.02,248.43,0.0,4870.92,ECONOMY,Saver
BOM,COK,QP,Akasa,QP663,2026-02-05,14:20:00,16:28:00,15,2026-01-21,HISTORICAL,fixture_historical,fixture://historical/BOM-COK/QP/2026-02-05,"INR 4,209.95",4209.95,3545.0,245,30.0,177.25,212.7,0.0,4209.95,ECONOMY,Saver
BOM,COK,QP,Akasa,QP828,2026-02-08,18:55:00,20:47:00,30,2026-01-09,HISTORICAL,fixture_historical,fixture://historical/BOM-COK/QP/2026-02-08,"INR 3,813.78",3813.78,3188.09,245,30.0,159.4,191.29,0.0,3813.78,ECONOMY,Saver
BOM,COK,QP,Akasa,QP620,2026-02-11,08:05:00,10:00:00,45,2025-12-28,HISTORICAL,fixture_historical,fixture://historical/BOM-COK/QP/2026-02-11,"INR 3,384.25",3384.25,2801.12,245,30.0,140.06,168.07,0.0,3384.25,ECONOMY,Saver
BOM,COK,SG,SpiceJet,SG342,2026-01-15,19:40:00,21:13:00,1,2026-01-14,HISTORICAL,fixture_historical,fixture://historical/BOM-COK/SG/2026-01-15,"INR 5,215.85",5215.85,4451.22,245,30.0,222.56,267.07,0.0,5215.85,ECONOMY,Saver
BOM,COK,SG,SpiceJet,SG686,2026-01-18,10:40:00,13:20:00,7,2026-01-11,HISTORICAL,fixture_historical,fixture://historical/BOM-COK/SG/2026-01-18,"INR 4,206.48",4206.48,3541.88,245,30.0,177.09,212.51,0.0,4206.48,ECONOMY,Saver
BOM,COK,SG,SpiceJet,SG188,2026-01-21,06:20:00,08:40:00,15,2026-01-06,HISTORICAL,fixture_historical,fixture://historical/BOM-COK/SG/2026-01-21,"INR 3,564.37",3564.37,2963.4,245,30.0,148.17,177.8,0.0,3564.37,ECONOMY,Saver
BOM,COK,SG,SpiceJet,SG836,2026-01-24,13:45:00,16:07:00,30,2025-12-25,HISTORICAL,fixture_historical,fixture://historical/BOM-COK/SG/2026-01-24,"INR 3,597.87",3597.87,2993.58,245,30.0,149.68,179.61,0.0,3597.87,ECONOMY,Saver
BOM,COK,SG,SpiceJet,SG943,2026-01-27,16:05:00,17:51:00,45,2025-12-13,HISTORICAL,fixture_historical,fixture://historical/BOM-COK/SG/2026-01-27,"INR 3,119.72",3119.72,2562.81,245,30.0,128.14,153.77,0.0,3119.72,ECONOMY,Saver
BOM,COK,SG,SpiceJet,SG757,2026-01-30,06:40:00,09:09:00,1,2026-01-29,HISTORICAL,fixture_historical,fixture://historical/BOM-COK/SG/2026-01-30,"INR 5,352.04",5352.04,4573.91,245,30.0,228.7,274.43,0.0,5352.04,ECONOMY,Saver
BOM,COK,SG,SpiceJet,SG452,2026-02-02,07:45:00,10:36:00,7,2026-01-26,HISTORICAL,fixture_historical,fixture://historical/BOM-COK/SG/2026-02-02,"INR 4,411.84",4411.84,3726.89,245,30.0,186.34,223.61,0.0,4411.84,ECONOMY,Saver
BOM,COK,SG,SpiceJet,SG886,2026-02-05,07:30:00,10:04:00,15,2026-01-21,HISTORICAL,fixture_historical,fixture://historical/BOM-COK/SG/2026-02-05,"INR 3,820.60",3820.6,3194.24,245,30.0,159.71,191.65,0.0,3820.6,ECONOMY,Saver
BOM,COK,SG,SpiceJet,SG156,2026-02-08,20:05:00,22:41:00,30,2026-01-09,HISTORICAL,fixture_historical,fixture://historical/BOM-COK/SG/2026-02-08,"INR 3,554.12",3554.12,2954.16,245,30.0,147.71,177.25,0.0,3554.12,ECONOMY,Saver
BOM,COK,SG,SpiceJet,SG268,2026-02-11,07:25:00,10:25:00,45,2025-12-28,HISTORICAL,fixture_historical,fixture://historical/BOM-COK/SG/2026-02-11,"INR 2,850.86",2850.86,2320.59,245,30.0,116.03,139.24,0.0,2850.86,ECONOMY,Saver
